{"_retval_MatMul_0_0": {"durList": [20, 25, 24, 18, 18], "median": 20.0, "st": [1583458259347728, 1583458260994469, 1583458262651348, 1583458264305763, 1583458265962054], "std_dev": 2.9664793948382653, "perc_90": 24.6, "mean": 21.0}, "_arg_Placeholder_0_0": {"durList": [7, 24, 22, 19, 14], "median": 19.0, "st": [1583458257714789, 1583458259364730, 1583458261019442, 1583458262668281, 1583458264323437], "std_dev": 6.11228271597445, "perc_90": 23.2, "mean": 17.2}}