{"_retval_MatMul_0_0": {"durList": [5, 6, 6, 6, 4], "median": 6.0, "st": [1583458037610667, 1583458037621075, 1583458037631137, 1583458037641278, 1583458037651478], "std_dev": 0.8, "perc_90": 6.0, "mean": 5.4}, "_arg_Placeholder_0_0": {"durList": [6, 6, 6, 6, 7], "median": 6.0, "st": [1583458037610144, 1583458037620622, 1583458037630728, 1583458037640775, 1583458037650967], "std_dev": 0.39999999999999997, "perc_90": 6.6000000000000005, "mean": 6.2}}