{"MatMul": {"durList": [51, 41, 40, 41, 42], "median": 41.0, "dev": "gpu0", "st": [1583458037610471, 1583458037620892, 1583458037630949, 1583458037641091, 1583458037651292], "std_dev": 4.049691346263317, "perc_90": 47.400000000000006, "mean": 43.0}}