{"_retval_MatMul_0_0": {"durList": [18, 14, 20, 34, 20], "median": 20.0, "st": [1583458241278259, 1583458242263631, 1583458243248629, 1583458244231535, 1583458245215305], "std_dev": 6.764613810115105, "perc_90": 28.4, "mean": 21.2}, "_arg_Placeholder_0_0": {"durList": [22, 15, 20, 9, 16], "median": 16.0, "st": [1583458240314393, 1583458241297335, 1583458242281815, 1583458243266112, 1583458244249774], "std_dev": 4.498888751680797, "perc_90": 21.200000000000003, "mean": 16.4}}