{"_retval_MatMul_0_0": {"durList": [5, 4, 23, 11, 11], "median": 11.0, "st": [1583454775535222, 1583454775546603, 1583454775557185, 1583454775567850, 1583454775578565], "std_dev": 6.764613810115105, "perc_90": 18.200000000000003, "mean": 10.8}, "_arg_Placeholder_0_0": {"durList": [8, 7, 6, 16, 17], "median": 8.0, "st": [1583454775534264, 1583454775545597, 1583454775556230, 1583454775566880, 1583454775577485], "std_dev": 4.707440918375928, "perc_90": 16.6, "mean": 10.8}}