{"MatMul": {"durList": [200, 201, 199, 204, 203], "median": 201.0, "dev": "gpu0", "st": [1583454775534711, 1583454775546127, 1583454775556726, 1583454775567383, 1583454775578080], "std_dev": 1.8547236990991407, "perc_90": 203.60000000000002, "mean": 201.4}}