{"MatMul": {"durList": [127, 119, 109, 118, 115], "median": 118.0, "dev": "gpu0", "st": [1583458136532943, 1583458136543711, 1583458136554296, 1583458136564929, 1583458136575601], "std_dev": 5.851495535331117, "perc_90": 123.80000000000001, "mean": 117.6}}