{"_retval_MatMul_0_0": {"durList": [19, 19, 21, 11, 12], "median": 19.0, "st": [1583458136533283, 1583458136544048, 1583458136554621, 1583458136565303, 1583458136575944], "std_dev": 4.079215610874228, "perc_90": 20.2, "mean": 16.4}, "_arg_Placeholder_0_0": {"durList": [17, 17, 17, 20, 21], "median": 17.0, "st": [1583458136532498, 1583458136543264, 1583458136553860, 1583458136564383, 1583458136575116], "std_dev": 1.7435595774162693, "perc_90": 20.6, "mean": 18.4}}