{"_retval_MatMul_3_0_29": {"durList": [2, 2, 2, 2, 2], "median": 2.0, "st": [1585672547890374, 1585672548910402, 1585672549914005, 1585672550877573, 1585672551799863], "std_dev": 0.0, "perc_90": 2.0, "mean": 2.0}, "_retval_Add_11_0_2": {"durList": [2, 3, 2, 2, 2], "median": 2.0, "st": [1585672547519987, 1585672548560104, 1585672549567493, 1585672550530862, 1585672551453598], "std_dev": 0.39999999999999997, "perc_90": 2.6, "mean": 2.2}, "_arg_Placeholder_12_0_3": {"durList": [3, 7, 3, 2, 3], "median": 3.0, "st": [1585672547275577, 1585672548241605, 1585672549301672, 1585672550289969, 1585672551212254], "std_dev": 1.7435595774162693, "perc_90": 5.4, "mean": 3.6}, "_retval_Add_13_0_4": {"durList": [4, 4, 4, 3, 3], "median": 4.0, "st": [1585672547519743, 1585672548559983, 1585672549567372, 1585672550530742, 1585672551453479], "std_dev": 0.4898979485566356, "perc_90": 4.0, "mean": 3.6}, "_retval_Add_5_0_13": {"durList": [4, 3, 3, 3, 3], "median": 3.0, "st": [1585672548088908, 1585672549105839, 1585672550109146, 1585672551071494, 1585672551994501], "std_dev": 0.39999999999999997, "perc_90": 3.6, "mean": 3.2}, "_arg_Placeholder_15_0_6": {"durList": [3, 5, 3, 2, 2], "median": 3.0, "st": [1585672547275528, 1585672548241489, 1585672549301599, 1585672550289928, 1585672551212210], "std_dev": 1.0954451150103321, "perc_90": 4.2, "mean": 3.0}, "Add": {"durList": [26, 22, 22, 23, 21], "median": 22.0, "st": [1585672547829552, 1585672548857559, 1585672549861871, 1585672550825268, 1585672551747650], "std_dev": 1.7204650534085253, "perc_90": 24.799999999999997, "mean": 22.8}, "_arg_Placeholder_10_0_1": {"durList": [3, 7, 4, 2, 3], "median": 3.0, "st": [1585672547275568, 1585672548241583, 1585672549301658, 1585672550289962, 1585672551212245], "std_dev": 1.7204650534085255, "perc_90": 5.800000000000001, "mean": 3.8}, "_retval_MatMul_6_0_32": {"durList": [2, 2, 2, 2, 3], "median": 2.0, "st": [1585672547839342, 1585672548861114, 1585672549865415, 1585672550828799, 1585672551751153], "std_dev": 0.39999999999999997, "perc_90": 2.6, "mean": 2.2}, "_retval_Add_1_0_9": {"durList": [1, 3, 2, 1, 2], "median": 2.0, "st": [1585672547839375, 1585672548861138, 1585672549865440, 1585672550828823, 1585672551751177], "std_dev": 0.7483314773547883, "perc_90": 2.6, "mean": 1.8}, "_arg_Placeholder_6_0_14": {"durList": [3, 6, 4, 3, 3], "median": 3.0, "st": [1585672547275554, 1585672548241553, 1585672549301638, 1585672550289950, 1585672551212232], "std_dev": 1.16619037896906, "perc_90": 5.2, "mean": 3.8}, "_arg_Placeholder_16_0_7": {"durList": [2, 8, 4, 2, 3], "median": 3.0, "st": [1585672547275586, 1585672548241627, 1585672549301686, 1585672550289977, 1585672551212263], "std_dev": 2.2271057451320084, "perc_90": 6.4, "mean": 3.8}, "_retval_Add_12_0_3": {"durList": [2, 2, 2, 2, 2], "median": 2.0, "st": [1585672547519923, 1585672548560067, 1585672549567456, 1585672550530826, 1585672551453562], "std_dev": 0.0, "perc_90": 2.0, "mean": 2.0}, "_arg_Placeholder_5_0_13": {"durList": [3, 6, 3, 2, 2], "median": 3.0, "st": [1585672547275541, 1585672548241520, 1585672549301618, 1585672550289939, 1585672551212221], "std_dev": 1.469693845669907, "perc_90": 4.800000000000001, "mean": 3.2}, "_retval_MatMul_16_0_25": {"durList": [3, 2, 2, 3, 4], "median": 3.0, "st": [1585672547519079, 1585672548559737, 1585672549567102, 1585672550530497, 1585672551453232], "std_dev": 0.7483314773547882, "perc_90": 3.6, "mean": 2.8}, "_retval_MatMul_10_0_19": {"durList": [2, 2, 2, 2, 2], "median": 2.0, "st": [1585672547520021, 1585672548560134, 1585672549567526, 1585672550530892, 1585672551453628], "std_dev": 0.0, "perc_90": 2.0, "mean": 2.0}, "Add_2": {"durList": [46, 23, 25, 24, 22], "median": 24.0, "st": [1585672547890378, 1585672548910407, 1585672549914010, 1585672550877577, 1585672551799867], "std_dev": 9.055385138137417, "perc_90": 37.6, "mean": 28.0}, "_retval_MatMul_17_0_26": {"durList": [3, 4, 3, 3, 2], "median": 3.0, "st": [1585672547829546, 1585672548857551, 1585672549861864, 1585672550825262, 1585672551747644], "std_dev": 0.6324555320336759, "perc_90": 3.6, "mean": 3.0}, "_retval_Add_14_0_5": {"durList": [3, 3, 3, 4, 3], "median": 3.0, "st": [1585672547532334, 1585672548568997, 1585672549572060, 1585672550535440, 1585672551458127], "std_dev": 0.39999999999999997, "perc_90": 3.6, "mean": 3.2}, "_retval_MatMul_5_0_31": {"durList": [13, 7, 6, 5, 6], "median": 6.0, "st": [1585672548088916, 1585672549105846, 1585672550109153, 1585672551071501, 1585672551994508], "std_dev": 2.8705400188814645, "perc_90": 10.6, "mean": 7.4}, "Add_1": {"durList": [23, 17, 16, 17, 17], "median": 17.0, "st": [1585672547839347, 1585672548861119, 1585672549865420, 1585672550828803, 1585672551751158], "std_dev": 2.5298221281347035, "perc_90": 20.6, "mean": 18.0}, "_retval_Add_15_0_6": {"durList": [3, 4, 3, 3, 4], "median": 3.0, "st": [1585672547529848, 1585672548568090, 1585672549571146, 1585672550534536, 1585672551457228], "std_dev": 0.4898979485566356, "perc_90": 4.0, "mean": 3.4}, "Add_3": {"durList": [167, 74, 66, 68, 67], "median": 68.0, "st": [1585672547890198, 1585672548910319, 1585672549913929, 1585672550877496, 1585672551799785], "std_dev": 39.3984771279297, "perc_90": 129.8, "mean": 88.4}, "_retval_MatMul_15_0_24": {"durList": [2, 2, 3, 2, 2], "median": 2.0, "st": [1585672547529855, 1585672548568097, 1585672549571153, 1585672550534543, 1585672551457235], "std_dev": 0.39999999999999997, "perc_90": 2.6, "mean": 2.2}, "Add_5": {"durList": [2511, 865, 859, 867, 848], "median": 865.0, "st": [1585672548086389, 1585672549104967, 1585672550108281, 1585672551070620, 1585672551993646], "std_dev": 660.5331180190741, "perc_90": 1853.4, "mean": 1190.0}, "_arg_Placeholder_13_0_4": {"durList": [3, 7, 3, 2, 3], "median": 3.0, "st": [1585672547275581, 1585672548241616, 1585672549301679, 1585672550289973, 1585672551212258], "std_dev": 1.7435595774162693, "perc_90": 5.4, "mean": 3.6}, "_retval_Add_16_0_7": {"durList": [16, 7, 8, 7, 7], "median": 7.0, "st": [1585672547519057, 1585672548559723, 1585672549567087, 1585672550530484, 1585672551453219], "std_dev": 3.521363372331802, "perc_90": 12.8, "mean": 9.0}, "Add_6": {"durList": [9734, 3495, 3491, 3481, 3455], "median": 3491.0, "st": [1585672547829591, 1585672548857597, 1585672549861908, 1585672550825304, 1585672551747684], "std_dev": 2501.4388179605753, "perc_90": 7238.400000000001, "mean": 4731.2}, "_arg_Placeholder_2_0_10": {"durList": [2, 6, 3, 2, 3], "median": 3.0, "st": [1585672547275524, 1585672548241478, 1585672549301593, 1585672550289924, 1585672551212206], "std_dev": 1.4696938456699071, "perc_90": 4.800000000000001, "mean": 3.2}, "Add_8": {"durList": [195920, 194484, 194198, 192976, 193713], "median": 194198.0, "st": [1585672547890437, 1585672548910443, 1585672549914049, 1585672550877613, 1585672551799902], "std_dev": 975.4454162073857, "perc_90": 195345.59999999998, "mean": 194258.2}, "_arg_Placeholder_9_0_17": {"durList": [2, 6, 4, 2, 2], "median": 2.0, "st": [1585672547275550, 1585672548241543, 1585672549301631, 1585672550289947, 1585672551212229], "std_dev": 1.6, "perc_90": 5.2, "mean": 3.2}, "_retval_Add_2_0_10": {"durList": [4, 2, 2, 2, 2], "median": 2.0, "st": [1585672547890428, 1585672548910434, 1585672549914040, 1585672550877605, 1585672551799894], "std_dev": 0.8000000000000002, "perc_90": 3.2, "mean": 2.4}, "_retval_MatMul_9_0_35": {"durList": [2, 3, 2, 2, 2], "median": 2.0, "st": [1585672547520041, 1585672548560153, 1585672549567548, 1585672550530914, 1585672551453650], "std_dev": 0.39999999999999997, "perc_90": 2.6, "mean": 2.2}, "_retval_Add_7_0_15": {"durList": [6, 7, 6, 5, 6], "median": 6.0, "st": [1585672547889538, 1585672548910021, 1585672549913657, 1585672550877221, 1585672551799521], "std_dev": 0.6324555320336759, "perc_90": 6.6000000000000005, "mean": 6.0}, "_retval_MatMul_0_18": {"durList": [2, 2, 2, 2, 2], "median": 2.0, "st": [1585672547829585, 1585672548857592, 1585672549861903, 1585672550825300, 1585672551747680], "std_dev": 0.0, "perc_90": 2.0, "mean": 2.0},