{"MatMul_1": {"durList": [50, 35, 57, 30, 40], "median": 40.0, "dev": "gpu0", "st": [1585672547468224, 1585672548508628, 1585672549517929, 1585672550481372, 1585672551404049], "std_dev": 9.850888284819801, "perc_90": 54.2, "mean": 42.4}, "MatMul_7": {"durList": [37, 36, 32, 35, 35], "median": 35.0, "dev": "gpu0", "st": [1585672547468306, 1585672548508694, 1585672549518020, 1585672550481434, 1585672551404120], "std_dev": 1.6733200530681511, "perc_90": 36.6, "mean": 35.0}, "MatMul_2": {"durList": [24, 25, 25, 26, 22], "median": 25.0, "dev": "gpu0", "st": [1585672547468517, 1585672548508884, 1585672549518210, 1585672550481636, 1585672551404324], "std_dev": 1.3564659966250536, "perc_90": 25.6, "mean": 24.4}, "MatMul_3": {"durList": [31, 28, 28, 27, 27], "median": 28.0, "dev": "gpu0", "st": [1585672547468451, 1585672548508822, 1585672549518148, 1585672550481560, 1585672551404266], "std_dev": 1.469693845669907, "perc_90": 29.799999999999997, "mean": 28.2}, "MatMul_6": {"durList": [61, 50, 46, 46, 49], "median": 49.0, "dev": "gpu0", "st": [1585672547468120, 1585672548508540, 1585672549517845, 1585672550481287, 1585672551403957], "std_dev": 5.535341001239219, "perc_90": 56.60000000000001, "mean": 50.4}, "MatMul": {"durList": [105, 64, 77, 64, 64], "median": 64.0, "dev": "gpu0", "st": [1585672547467938, 1585672548508414, 1585672549517696, 1585672550481161, 1585672551403827], "std_dev": 15.917286200857228, "perc_90": 93.8, "mean": 74.8}, "MatMul_11": {"durList": [27, 27, 29, 25, 25], "median": 27.0, "dev": "gpu2", "st": [1585672547359855, 1585672548400633, 1585672549410865, 1585672550372433, 1585672551295126], "std_dev": 1.4966629547095764, "perc_90": 28.2, "mean": 26.6}, "MatMul_10": {"durList": [26, 23, 24, 27, 26], "median": 26.0, "dev": "gpu2", "st": [1585672547359914, 1585672548400692, 1585672549410924, 1585672550372485, 1585672551295183], "std_dev": 1.469693845669907, "perc_90": 26.6, "mean": 25.2}, "MatMul_13": {"durList": [39, 43, 49, 37, 37], "median": 39.0, "dev": "gpu2", "st": [1585672547359717, 1585672548400485, 1585672549410678, 1585672550372304, 1585672551294983], "std_dev": 4.560701700396552, "perc_90": 46.6, "mean": 41.0}, "MatMul_12": {"durList": [33, 33, 35, 28, 31], "median": 33.0, "dev": "gpu2", "st": [1585672547359786, 1585672548400566, 1585672549410793, 1585672550372374, 1585672551295053], "std_dev": 2.3664319132398464, "perc_90": 34.2, "mean": 32.0}, "MatMul_15": {"durList": [52, 45, 44, 42, 48], "median": 45.0, "dev": "gpu2", "st": [1585672547360046, 1585672548400818, 1585672549411059, 1585672550372608, 1585672551295309], "std_dev": 3.4871191548325386, "perc_90": 50.4, "mean": 46.2}, "MatMul_4": {"durList": [39, 30, 32, 29, 35], "median": 32.0, "dev": "gpu0", "st": [1585672547468379, 1585672548508762, 1585672549518086, 1585672550481501, 1585672551404189], "std_dev": 3.63318042491699, "perc_90": 37.4, "mean": 33.0}, "MatMul_17": {"durList": [32, 37, 34, 38, 37], "median": 37.0, "dev": "gpu2", "st": [1585672547360201, 1585672548400982, 1585672549411259, 1585672550372752, 1585672551295478], "std_dev": 2.244994432064365, "perc_90": 37.6, "mean": 35.6}, "MatMul_16": {"durList": [106, 109, 123, 94, 91], "median": 106.0, "dev": "gpu2", "st": [1585672547359546, 1585672548400324, 1585672549410497, 1585672550372159, 1585672551294839], "std_dev": 11.46472851837321, "perc_90": 117.4, "mean": 104.6}, "MatMul_9": {"durList": [50, 45, 42, 42, 43], "median": 43.0, "dev": "gpu2", "st": [1585672547359969, 1585672548400742, 1585672549410981, 1585672550372538, 1585672551295235], "std_dev": 3.0066592756745814, "perc_90": 48.0, "mean": 44.4}, "MatMul_5": {"durList": [70, 73, 66, 70, 68], "median": 70.0, "dev": "gpu0", "st": [1585672547532601, 1585672548569254, 1585672549572313, 1585672550535696, 1585672551458389], "std_dev": 2.33238075793812, "perc_90": 71.8, "mean": 69.4}, "MatMul_8": {"durList": [146, 145, 140, 141, 145], "median": 145.0, "dev": "gpu0", "st": [1585672547532347, 1585672548569009, 1585672549572072, 1585672550535452, 1585672551458141], "std_dev": 2.416609194718914, "perc_90": 145.6, "mean": 143.4}, "MatMul_14": {"durList": [30, 32, 34, 31, 31], "median": 31.0, "dev": "gpu2", "st": [1585672547360129, 1585672548400895, 1585672549411164, 1585672550372690, 1585672551295390], "std_dev": 1.3564659966250536, "perc_90": 33.2, "mean": 31.6}}