{"MatMul_11": {"durList": [12, 12, 12, 14, 12], "median": 12.0, "dev": "gpu2", "st": [1585672547369579, 1585672548410369, 1585672549420421, 1585672550382235, 1585672551304887], "std_dev": 0.7999999999999999, "perc_90": 13.200000000000001, "mean": 12.4}, "MatMul_17": {"durList": [76380, 76072, 75278, 76921, 76922], "median": 76380.0, "dev": "gpu2", "st": [1585672547371084, 1585672548411890, 1585672549421918, 1585672550383768, 1585672551306412], "std_dev": 612.2625580582239, "perc_90": 76921.6, "mean": 76314.6}, "MatMul_12": {"durList": [16, 15, 16, 16, 15], "median": 16.0, "dev": "gpu2", "st": [1585672547369557, 1585672548410348, 1585672549420399, 1585672550382213, 1585672551304866], "std_dev": 0.4898979485566356, "perc_90": 16.0, "mean": 15.6}, "MatMul_13": {"durList": [34, 34, 33, 34, 34], "median": 34.0, "dev": "gpu2", "st": [1585672547369520, 1585672548410309, 1585672549420361, 1585672550382175, 1585672551304827], "std_dev": 0.4, "perc_90": 34.0, "mean": 33.8}, "MatMul_16": {"durList": [9876, 9873, 9766, 9944, 9926], "median": 9876.0, "dev": "gpu2", "st": [1585672547359640, 1585672548400432, 1585672549410592, 1585672550372227, 1585672551294899], "std_dev": 62.01290188339843, "perc_90": 9936.8, "mean": 9877.0}, "MatMul": {"durList": [35, 22, 30, 20, 20], "median": 22.0, "dev": "gpu0", "st": [1585672547468011, 1585672548508462, 1585672549517750, 1585672550481209, 1585672551403883], "std_dev": 6.053098380168622, "perc_90": 33.0, "mean": 25.4}, "MatMul_1": {"durList": [8, 9, 9, 10, 9], "median": 9.0, "dev": "gpu0", "st": [1585672547469362, 1585672548509763, 1585672549519102, 1585672550482541, 1585672551405188], "std_dev": 0.6324555320336759, "perc_90": 9.6, "mean": 9.0}, "MatMul_10": {"durList": [11, 11, 10, 11, 10], "median": 11.0, "dev": "gpu2", "st": [1585672547369596, 1585672548410387, 1585672549420438, 1585672550382254, 1585672551304904], "std_dev": 0.4898979485566356, "perc_90": 11.0, "mean": 10.6}, "MatMul_3": {"durList": [16, 14, 15, 16, 16], "median": 16.0, "dev": "gpu0", "st": [1585672547478760, 1585672548519115, 1585672549528668, 1585672550492108, 1585672551414579], "std_dev": 0.7999999999999999, "perc_90": 16.0, "mean": 15.4}, "MatMul_2": {"durList": [11, 25, 11, 13, 12], "median": 12.0, "dev": "gpu0", "st": [1585672547478781, 1585672548519134, 1585672549528688, 1585672550492129, 1585672551414600], "std_dev": 5.351635264103861, "perc_90": 20.200000000000003, "mean": 14.4}, "MatMul_5": {"durList": [173, 171, 171, 170, 171], "median": 171.0, "dev": "gpu0", "st": [1585672547605119, 1585672548641454, 1585672549646283, 1585672550609462, 1585672551530592], "std_dev": 0.9797958971132713, "perc_90": 172.2, "mean": 171.2}, "MatMul_14": {"durList": [180, 182, 180, 182, 182], "median": 182.0, "dev": "gpu2", "st": [1585672547370895, 1585672548411698, 1585672549421728, 1585672550383576, 1585672551306220], "std_dev": 0.9797958971132712, "perc_90": 182.0, "mean": 181.2}, "MatMul_7": {"durList": [9347, 9299, 9512, 9514, 9339], "median": 9347.0, "dev": "gpu0", "st": [1585672547469374, 1585672548509777, 1585672549519116, 1585672550482555, 1585672551405201], "std_dev": 91.92040034725697, "perc_90": 9513.2, "mean": 9402.2}, "MatMul_6": {"durList": [1198, 1178, 1214, 1214, 1180], "median": 1198.0, "dev": "gpu0", "st": [1585672547468160, 1585672548508583, 1585672549517884, 1585672550481324, 1585672551404005], "std_dev": 15.67673435381234, "perc_90": 1214.0, "mean": 1196.8}, "MatMul_9": {"durList": [12, 13, 12, 14, 13], "median": 13.0, "dev": "gpu2", "st": [1585672547369615, 1585672548410407, 1585672549420457, 1585672550382275, 1585672551304923], "std_dev": 0.7483314773547883, "perc_90": 13.600000000000001, "mean": 12.8}, "MatMul_15": {"durList": [1247, 1253, 1237, 1263, 1262], "median": 1253.0, "dev": "gpu2", "st": [1585672547369635, 1585672548410431, 1585672549420477, 1585672550382298, 1585672551304944], "std_dev": 9.707728879609277, "perc_90": 1262.6, "mean": 1252.4}, "MatMul_8": {"durList": [72669, 72336, 74108, 73907, 72338], "median": 72669.0, "dev": "gpu0", "st": [1585672547532446, 1585672548569114, 1585672549572171, 1585672550535551, 1585672551458250], "std_dev": 776.3222526760392, "perc_90": 74027.6, "mean": 73071.6}, "MatMul_4": {"durList": [33, 32, 33, 33, 32], "median": 33.0, "dev": "gpu0", "st": [1585672547478723, 1585672548519078, 1585672549528631, 1585672550492071, 1585672551414543], "std_dev": 0.4898979485566356, "perc_90": 33.0, "mean": 32.6}}