{"MatMul": {"durList": [130, 79, 171, 92, 172], "median": 130.0, "dev": "gpu0", "st": [1583454857851577, 1583454858435950, 1583454859021653, 1583454859607864, 1583454860195543], "std_dev": 38.685397761946305, "perc_90": 171.60000000000002, "mean": 128.8}}