{"_retval_MatMul_0_0": {"durList": [21, 25, 24, 21, 20], "median": 21.0, "st": [1583454858373719, 1583454858958908, 1583454859545262, 1583454860131387, 1583454860717765], "std_dev": 1.9390719429665317, "perc_90": 24.6, "mean": 22.2}, "_arg_Placeholder_0_0": {"durList": [9, 15, 12, 17, 14], "median": 14.0, "st": [1583454857805591, 1583454858390093, 1583454858975687, 1583454859561949, 1583454860148949], "std_dev": 2.727636339397171, "perc_90": 16.2, "mean": 13.4}}