{"MatMul": {"durList": [479088, 479965, 480487, 480529, 479184], "median": 479965.0, "dev": "gpu0", "st": [1583454857851659, 1583454858436011, 1583454859021753, 1583454859607933, 1583454860195645], "std_dev": 617.1277339416857, "perc_90": 480512.19999999995, "mean": 479850.6}}