{"_retval_MatMul_0_0": {"durList": [11, 15, 13, 30, 13], "median": 13.0, "st": [1583458145495594, 1583458145506735, 1583458145517482, 1583458145528223, 1583458145538943], "std_dev": 6.916646586316233, "perc_90": 24.0, "mean": 16.4}, "_arg_Placeholder_0_0": {"durList": [14, 17, 14, 18, 22], "median": 17.0, "st": [1583458145494596, 1583458145505780, 1583458145516490, 1583458145527244, 1583458145537970], "std_dev": 2.9664793948382653, "perc_90": 20.400000000000002, "mean": 17.0}}