{"_retval_MatMul_0_0": {"durList": [17, 20, 19, 23, 28], "median": 20.0, "st": [1583450773787237, 1583450776508012, 1583450779228381, 1583450781951896, 1583450784678965], "std_dev": 3.8262252939417984, "perc_90": 26.0, "mean": 21.4}, "_arg_Placeholder_0_0": {"durList": [15, 11, 17, 19, 24], "median": 17.0, "st": [1583450771086360, 1583450773805743, 1583450776522595, 1583450779244646, 1583450781968618], "std_dev": 4.308131845707603, "perc_90": 22.0, "mean": 17.2}}