{"_retval_MatMul_0_0": {"durList": [27, 23, 24, 23, 24], "median": 24.0, "st": [1583458203704894, 1583458203843114, 1583458203985462, 1583458204125825, 1583458204269932], "std_dev": 1.4696938456699067, "perc_90": 25.8, "mean": 24.2}, "_arg_Placeholder_0_0": {"durList": [21, 21, 14, 17, 17], "median": 17.0, "st": [1583458203582266, 1583458203719401, 1583458203860431, 1583458203999317, 1583458204145354], "std_dev": 2.6832815729997477, "perc_90": 21.0, "mean": 18.0}}