{"_retval_MatMul_0_0": {"durList": [25, 24, 25, 24, 24], "median": 24.0, "st": [1583454817462926, 1583454817505937, 1583454817547944, 1583454817591117, 1583454817634255], "std_dev": 0.4898979485566356, "perc_90": 25.0, "mean": 24.4}, "_arg_Placeholder_0_0": {"durList": [6, 8, 6, 10, 7], "median": 7.0, "st": [1583454817436395, 1583454817479368, 1583454817521377, 1583454817564321, 1583454817607689], "std_dev": 1.4966629547095764, "perc_90": 9.2, "mean": 7.4}}