{"MatMul": {"durList": [16138, 16153, 16125, 16161, 16137], "median": 16138.0, "dev": "gpu0", "st": [1583454817441763, 1583454817484792, 1583454817526814, 1583454817569885, 1583454817613087], "std_dev": 12.718490476467718, "perc_90": 16157.800000000001, "mean": 16142.8}}