{"_retval_MatMul_0_0": {"durList": [9, 7, 8, 9, 8], "median": 8.0, "st": [1583458046607057, 1583458046617857, 1583458046628016, 1583458046638061, 1583458046647787], "std_dev": 0.7483314773547882, "perc_90": 9.0, "mean": 8.2}, "_arg_Placeholder_0_0": {"durList": [17, 13, 14, 13, 12], "median": 13.0, "st": [1583458046606579, 1583458046617189, 1583458046627609, 1583458046637734, 1583458046647475], "std_dev": 1.7204650534085253, "perc_90": 15.8, "mean": 13.8}}