{"MatMul": {"durList": [46, 56, 65, 56, 52], "median": 56.0, "dev": "gpu0", "st": [1583458051200201, 1583458051216394, 1583458051226244, 1583458051236380, 1583458051246613], "std_dev": 6.196773353931867, "perc_90": 61.400000000000006, "mean": 55.0}}