{"_retval_MatMul_0_0": {"durList": [11, 9, 10, 9, 11], "median": 10.0, "st": [1583458051200421, 1583458051216637, 1583458051226543, 1583458051236647, 1583458051246842], "std_dev": 0.8944271909999159, "perc_90": 11.0, "mean": 10.0}, "_arg_Placeholder_0_0": {"durList": [19, 15, 19, 15, 17], "median": 17.0, "st": [1583458051199912, 1583458051216052, 1583458051225882, 1583458051236008, 1583458051246338], "std_dev": 1.7888543819998317, "perc_90": 19.0, "mean": 17.0}}