{"_retval_MatMul_0_0": {"durList": [25, 24, 23, 23, 22], "median": 23.0, "st": [1583454889013985, 1583454890671478, 1583454892328751, 1583454893989480, 1583454895661299], "std_dev": 1.0198039027185568, "perc_90": 24.6, "mean": 23.4}, "_arg_Placeholder_0_0": {"durList": [18, 12, 8, 6, 6], "median": 8.0, "st": [1583454887373487, 1583454889033219, 1583454890689626, 1583454892345987, 1583454894008824], "std_dev": 4.560701700396552, "perc_90": 15.6, "mean": 10.0}}