{"_retval_MatMul_0_0": {"durList": [13, 13, 15, 14, 12], "median": 13.0, "st": [1583454725794850, 1583454725805857, 1583454725815968, 1583454725826094, 1583454725836153], "std_dev": 1.019803902718557, "perc_90": 14.600000000000001, "mean": 13.4}, "_arg_Placeholder_0_0": {"durList": [21, 23, 20, 23, 16], "median": 21.0, "st": [1583454725794266, 1583454725805054, 1583454725815421, 1583454725825544, 1583454725835737], "std_dev": 2.5768197453450252, "perc_90": 23.0, "mean": 20.6}}