{"_retval_MatMul_0_0": {"durList": [26, 26, 25, 26, 25], "median": 26.0, "st": [1583458228651923, 1583458229229708, 1583458229816181, 1583458230400224, 1583458230985576], "std_dev": 0.4898979485566356, "perc_90": 26.0, "mean": 25.6}, "_arg_Placeholder_0_0": {"durList": [17, 17, 18, 17, 17], "median": 17.0, "st": [1583458228085928, 1583458228666822, 1583458229248919, 1583458229833503, 1583458230418065], "std_dev": 0.39999999999999997, "perc_90": 17.6, "mean": 17.2}}