{"MatMul": {"durList": [70, 71, 169, 69, 168], "median": 71.0, "dev": "gpu0", "st": [1583458228131695, 1583458228712491, 1583458229294742, 1583458229879354, 1583458230463831], "std_dev": 48.26012847061226, "perc_90": 168.60000000000002, "mean": 109.4}}