{"_retval_MatMul_0_0": {"durList": [10, 16, 10, 8, 9], "median": 10.0, "st": [1583458173037977, 1583458173057392, 1583458173076162, 1583458173097330, 1583458173115222], "std_dev": 2.8000000000000003, "perc_90": 13.600000000000001, "mean": 10.6}, "_arg_Placeholder_0_0": {"durList": [8, 8, 9, 8, 8], "median": 8.0, "st": [1583458173030883, 1583458173050197, 1583458173069109, 1583458173090186, 1583458173108046], "std_dev": 0.39999999999999997, "perc_90": 8.6, "mean": 8.2}}