{"_retval_MatMul_0_0": {"durList": [4, 3, 4, 6, 22], "median": 4.0, "st": [1583454698541486, 1583454698552050, 1583454698562392, 1583454698572784, 1583454698583271], "std_dev": 7.166589146867566, "perc_90": 15.600000000000001, "mean": 7.8}, "_arg_Placeholder_0_0": {"durList": [6, 6, 6, 6, 6], "median": 6.0, "st": [1583454698540966, 1583454698551524, 1583454698561893, 1583454698572274, 1583454698582768], "std_dev": 0.0, "perc_90": 6.0, "mean": 6.0}}