{"MatMul": {"durList": [59, 62, 61, 61, 63], "median": 61.0, "dev": "gpu0", "st": [1583454689562038, 1583454689573043, 1583454689583278, 1583454689593484, 1583454689603748], "std_dev": 1.3266499161421599, "perc_90": 62.599999999999994, "mean": 61.2}}