{"_retval_MatMul_0_0": {"durList": [13, 13, 11, 14, 14], "median": 13.0, "st": [1583454689562193, 1583454689573190, 1583454689583426, 1583454689593663, 1583454689603896], "std_dev": 1.0954451150103321, "perc_90": 14.0, "mean": 13.0}, "_arg_Placeholder_0_0": {"durList": [22, 22, 18, 17, 16], "median": 18.0, "st": [1583454689561758, 1583454689572758, 1583454689583033, 1583454689593253, 1583454689603506], "std_dev": 2.5298221281347035, "perc_90": 22.0, "mean": 19.0}}