{"_retval_MatMul_0_0": {"durList": [17, 21, 21, 21, 23], "median": 21.0, "st": [1583454798512200, 1583454798528038, 1583454798546520, 1583454798560134, 1583454798578225], "std_dev": 1.9595917942265424, "perc_90": 22.200000000000003, "mean": 20.6}, "_arg_Placeholder_0_0": {"durList": [16, 15, 15, 16, 17], "median": 16.0, "st": [1583454798506538, 1583454798522430, 1583454798541023, 1583454798554736, 1583454798573055], "std_dev": 0.7483314773547883, "perc_90": 16.6, "mean": 15.8}}