{"MatMul_11": {"durList": [39, 96, 101, 103, 160], "median": 101.0, "dev": "gpu0", "st": [1585672398248724, 1585672398798832, 1585672399315346, 1585672399839222, 1585672400362999], "std_dev": 38.33223186823329, "perc_90": 137.2, "mean": 99.8}, "MatMul_7": {"durList": [84, 56, 80, 56, 73], "median": 73.0, "dev": "gpu0", "st": [1585672398283248, 1585672398836925, 1585672399353146, 1585672399877091, 1585672400394723], "std_dev": 11.805083650698965, "perc_90": 82.4, "mean": 69.8}, "MatMul_12": {"durList": [34, 123, 101, 96, 104], "median": 101.0, "dev": "gpu0", "st": [1585672398248800, 1585672398799071, 1585672399315576, 1585672399839453, 1585672400363355], "std_dev": 30.21655175561897, "perc_90": 115.4, "mean": 91.6}, "MatMul_13": {"durList": [42, 106, 101, 126, 103], "median": 103.0, "dev": "gpu0", "st": [1585672398248618, 1585672398798612, 1585672399315013, 1585672399838919, 1585672400362791], "std_dev": 28.24606167238187, "perc_90": 118.0, "mean": 95.6}, "MatMul_16": {"durList": [333, 273, 245, 280, 226], "median": 273.0, "dev": "gpu0", "st": [1585672398247983, 1585672398797587, 1585672399314072, 1585672399837847, 1585672400361854], "std_dev": 36.41208590564402, "perc_90": 311.8, "mean": 271.4}, "MatMul": {"durList": [64, 141, 131, 142, 129], "median": 131.0, "dev": "gpu0", "st": [1585672398248513, 1585672398798351, 1585672399314774, 1585672399838673, 1585672400362507], "std_dev": 29.165733318399525, "perc_90": 141.6, "mean": 121.4}, "MatMul_1": {"durList": [34, 34, 44, 36, 34], "median": 34.0, "dev": "gpu0", "st": [1585672398284026, 1585672398837936, 1585672399353949, 1585672399877931, 1585672400395563], "std_dev": 3.878143885933063, "perc_90": 40.800000000000004, "mean": 36.4}, "MatMul_10": {"durList": [34, 91, 110, 115, 54], "median": 91.0, "dev": "gpu0", "st": [1585672398248876, 1585672398799334, 1585672399315812, 1585672399839697, 1585672400363523], "std_dev": 31.73263304549435, "perc_90": 113.0, "mean": 80.8}, "MatMul_3": {"durList": [34, 47, 38, 35, 36], "median": 36.0, "dev": "gpu0", "st": [1585672398283871, 1585672398837759, 1585672399353766, 1585672399877756, 1585672400395396], "std_dev": 4.69041575982343, "perc_90": 43.4, "mean": 38.0}, "MatMul_2": {"durList": [41, 42, 47, 39, 40], "median": 41.0, "dev": "gpu0", "st": [1585672398283943, 1585672398837846, 1585672399353854, 1585672399877843, 1585672400395477], "std_dev": 2.7856776554368237, "perc_90": 45.0, "mean": 41.8}, "MatMul_15": {"durList": [251, 187, 116, 236, 195], "median": 195.0, "dev": "gpu0", "st": [1585672398300764, 1585672398850396, 1585672399366864, 1585672399890694, 1585672400414743], "std_dev": 47.121120529970426, "perc_90": 245.0, "mean": 197.0}, "MatMul_14": {"durList": [68, 154, 144, 146, 141], "median": 144.0, "dev": "gpu0", "st": [1585672398248400, 1585672398798067, 1585672399314506, 1585672399838364, 1585672400362248], "std_dev": 31.594936303148327, "perc_90": 150.8, "mean": 130.6}, "MatMul_17": {"durList": [104, 223, 203, 200, 59], "median": 200.0, "dev": "gpu0", "st": [1585672398299478, 1585672398849191, 1585672399365589, 1585672399889263, 1585672400413321], "std_dev": 64.39068255578597, "perc_90": 215.0, "mean": 157.8}, "MatMul_6": {"durList": [90, 65, 65, 72, 79], "median": 72.0, "dev": "gpu0", "st": [1585672398283561, 1585672398837171, 1585672399353430, 1585672399877386, 1585672400395031], "std_dev": 9.453041838477178, "perc_90": 85.6, "mean": 74.2}, "MatMul_9": {"durList": [77, 63, 63, 85, 100], "median": 77.0, "dev": "gpu0", "st": [1585672398283412, 1585672398837049, 1585672399353304, 1585672399877206, 1585672400394864], "std_dev": 14.022838514366484, "perc_90": 94.0, "mean": 77.6}, "MatMul_5": {"durList": [41, 70, 51, 57, 45], "median": 51.0, "dev": "gpu0", "st": [1585672398283786, 1585672398837648, 1585672399353671, 1585672399877653, 1585672400395292], "std_dev": 10.166612021711067, "perc_90": 64.8, "mean": 52.8}, "MatMul_8": {"durList": [124, 108, 96, 99, 111], "median": 108.0, "dev": "gpu0", "st": [1585672398283003, 1585672398836742, 1585672399352942, 1585672399876916, 1585672400394528], "std_dev": 9.891410415102591, "perc_90": 118.8, "mean": 107.6}, "MatMul_4": {"durList": [37, 115, 44, 47, 51], "median": 47.0, "dev": "gpu0", "st": [1585672398283703, 1585672398837456, 1585672399353552, 1585672399877509, 1585672400395195], "std_dev": 28.47033543883879, "perc_90": 89.4, "mean": 58.8}}