{"_retval_MatMul_3_0_29": {"durList": [4, 3, 3, 3, 3], "median": 3.0, "st": [1585672398560397, 1585672399113193, 1585672399628714, 1585672400149307, 1585672400676274], "std_dev": 0.39999999999999997, "perc_90": 3.6, "mean": 3.2}, "_retval_Add_11_0_2": {"durList": [3, 2, 3, 2, 3], "median": 3.0, "st": [1585672398282857, 1585672398836612, 1585672399352821, 1585672399876791, 1585672400394388], "std_dev": 0.4898979485566356, "perc_90": 3.0, "mean": 2.6}, "_arg_Placeholder_12_0_3": {"durList": [3, 4, 4, 3, 3], "median": 3.0, "st": [1585672398242142, 1585672398791773, 1585672399308213, 1585672399831975, 1585672400356010], "std_dev": 0.4898979485566356, "perc_90": 4.0, "mean": 3.4}, "_retval_Add_13_0_4": {"durList": [4, 3, 3, 3, 5], "median": 3.0, "st": [1585672398282810, 1585672398836569, 1585672399352779, 1585672399876749, 1585672400394336], "std_dev": 0.8, "perc_90": 4.6, "mean": 3.6}, "_retval_MatMul_15_0_24": {"durList": [8, 6, 5, 7, 6], "median": 6.0, "st": [1585672398636789, 1585672399190871, 1585672399706795, 1585672400229953, 1585672400756092], "std_dev": 1.0198039027185568, "perc_90": 7.6, "mean": 6.4}, "_retval_Add_5_0_13": {"durList": [4, 4, 5, 5, 4], "median": 4.0, "st": [1585672398560291, 1585672399113081, 1585672399628584, 1585672400149169, 1585672400676136], "std_dev": 0.48989794855663565, "perc_90": 5.0, "mean": 4.4}, "_arg_Placeholder_11_0_2": {"durList": [3, 4, 3, 3, 3], "median": 3.0, "st": [1585672398242146, 1585672398791779, 1585672399308219, 1585672399831979, 1585672400356015], "std_dev": 0.39999999999999997, "perc_90": 3.6, "mean": 3.2}, "Add": {"durList": [17, 13, 12, 11, 18], "median": 13.0, "st": [1585672398282522, 1585672398836207, 1585672399352443, 1585672399876404, 1585672400394021], "std_dev": 2.7856776554368237, "perc_90": 17.6, "mean": 14.2}, "_arg_Placeholder_10_0_1": {"durList": [3, 4, 4, 3, 3], "median": 3.0, "st": [1585672398242137, 1585672398791767, 1585672399308208, 1585672399831970, 1585672400356005], "std_dev": 0.4898979485566356, "perc_90": 4.0, "mean": 3.4}, "_retval_MatMul_6_0_32": {"durList": [3, 2, 3, 3, 3], "median": 3.0, "st": [1585672398558796, 1585672399111548, 1585672399627065, 1585672400147579, 1585672400674559], "std_dev": 0.39999999999999997, "perc_90": 3.0, "mean": 2.8}, "_retval_Add_1_0_9": {"durList": [3, 3, 3, 3, 3], "median": 3.0, "st": [1585672398560487, 1585672399113277, 1585672399628795, 1585672400149388, 1585672400676367], "std_dev": 0.0, "perc_90": 3.0, "mean": 3.0}, "_arg_Placeholder_6_0_14": {"durList": [3, 4, 4, 3, 3], "median": 3.0, "st": [1585672398242118, 1585672398791746, 1585672399308188, 1585672399831951, 1585672400355986], "std_dev": 0.4898979485566356, "perc_90": 4.0, "mean": 3.4}, "Add_1": {"durList": [12, 13, 17, 16, 17], "median": 16.0, "st": [1585672398560465, 1585672399113255, 1585672399628773, 1585672400149367, 1585672400676346], "std_dev": 2.0976176963403033, "perc_90": 17.0, "mean": 15.0}, "_arg_Placeholder_5_0_13": {"durList": [3, 3, 3, 3, 3], "median": 3.0, "st": [1585672398242109, 1585672398791736, 1585672399308179, 1585672399831942, 1585672400355977], "std_dev": 0.0, "perc_90": 3.0, "mean": 3.0}, "_retval_MatMul_16_0_25": {"durList": [3, 3, 3, 2, 4], "median": 3.0, "st": [1585672398281578, 1585672398834979, 1585672399351231, 1585672399875187, 1585672400393036], "std_dev": 0.6324555320336759, "perc_90": 3.6, "mean": 3.0}, "_retval_MatMul_10_0_19": {"durList": [3, 2, 2, 2, 3], "median": 2.0, "st": [1585672398282977, 1585672398836737, 1585672399352937, 1585672399876911, 1585672400394522], "std_dev": 0.4898979485566356, "perc_90": 3.0, "mean": 2.4}, "_retval_MatMul_17_0_26": {"durList": [12, 3, 3, 3, 3], "median": 3.0, "st": [1585672398633093, 1585672399187109, 1585672399702995, 1585672400226000, 1585672400752201], "std_dev": 3.6000000000000005, "perc_90": 8.4, "mean": 4.8}, "_retval_Add_14_0_5": {"durList": [4, 3, 3, 4, 5], "median": 4.0, "st": [1585672398282508, 1585672398836194, 1585672399352432, 1585672399876392, 1585672400394005], "std_dev": 0.7483314773547882, "perc_90": 4.6, "mean": 3.8}, "_retval_MatMul_5_0_31": {"durList": [3, 3, 4, 3, 3], "median": 3.0, "st": [1585672398560299, 1585672399113089, 1585672399628609, 1585672400149178, 1585672400676145], "std_dev": 0.39999999999999997, "perc_90": 3.6, "mean": 3.2}, "_arg_Placeholder_14_0_5": {"durList": [3, 3, 3, 3, 4], "median": 3.0, "st": [1585672398242160, 1585672398791796, 1585672399308234, 1585672399831993, 1585672400356029], "std_dev": 0.39999999999999997, "perc_90": 3.6, "mean": 3.2}, "_retval_Add_12_0_3": {"durList": [3, 3, 2, 2, 3], "median": 3.0, "st": [1585672398282942, 1585672398836707, 1585672399352910, 1585672399876882, 1585672400394484], "std_dev": 0.4898979485566356, "perc_90": 3.0, "mean": 2.6}, "Add_3": {"durList": [81, 86, 85, 105, 92], "median": 86.0, "st": [1585672398560304, 1585672399113095, 1585672399628616, 1585672400149187, 1585672400676150], "std_dev": 8.37615663654877, "perc_90": 99.8, "mean": 89.8}, "Add_2": {"durList": [36, 45, 32, 34, 47], "median": 36.0, "st": [1585672398560416, 1585672399113198, 1585672399628719, 1585672400149312, 1585672400676279], "std_dev": 6.04648658313239, "perc_90": 46.2, "mean": 38.8}, "Add_5": {"durList": [1151, 1190, 1169, 1230, 1223], "median": 1190.0, "st": [1585672398559132, 1585672399111883, 1585672399627406, 1585672400147930, 1585672400674903], "std_dev": 30.388155587333692, "perc_90": 1227.2, "mean": 1192.6}, "_arg_Placeholder_13_0_4": {"durList": [3, 4, 3, 3, 4], "median": 3.0, "st": [1585672398242150, 1585672398791784, 1585672399308223, 1585672399831984, 1585672400356019], "std_dev": 0.4898979485566356, "perc_90": 4.0, "mean": 3.4}, "_retval_Add_16_0_7": {"durList": [7, 5, 5, 5, 6], "median": 5.0, "st": [1585672398281566, 1585672398834969, 1585672399351222, 1585672399875178, 1585672400393024], "std_dev": 0.7999999999999999, "perc_90": 6.6000000000000005, "mean": 5.6}, "Add_6": {"durList": [4534, 4730, 4609, 4808, 4793], "median": 4730.0, "st": [1585672398554244, 1585672399106798, 1585672399622438, 1585672400142750, 1585672400669744], "std_dev": 106.6909555679393, "perc_90": 4802.0, "mean": 4694.8}, "_arg_Placeholder_2_0_10": {"durList": [3, 3, 3, 3, 3], "median": 3.0, "st": [1585672398242100, 1585672398791725, 1585672399308169, 1585672399831933, 1585672400355968], "std_dev": 0.0, "perc_90": 3.0, "mean": 3.0}, "Add_8": {"durList": [66446, 67878, 67992, 60179, 69662], "median": 67878.0, "st": [1585672398469340, 1585672399020280, 1585672399535629, 1585672400061008, 1585672400580826], "std_dev": 3288.0881740002046, "perc_90": 68994.0, "mean": 66431.4}, "_arg_Placeholder_9_0_17": {"durList": [3, 3, 3, 3, 4], "median": 3.0, "st": [1585672398242123, 1585672398791752, 1585672399308194, 1585672399831956, 1585672400355990], "std_dev": 0.39999999999999997, "perc_90": 3.6, "mean": 3.2}, "_retval_Add_2_0_10": {"durList": [3, 3, 3, 3, 3], "median": 3.0, "st": [1585672398560455, 1585672399113246, 1585672399628762, 1585672400149349, 1585672400676330], "std_dev": 0.0, "perc_90": 3.0, "mean": 3.0}, "_retval_MatMul_9_0_35": {"durList": [2, 3, 3, 3, 3], "median": 3.0, "st": [1585672398554239, 1585672399106793, 1585672399622433, 1585672400142744, 1585672400669739], "std_dev": 0.39999999999999997, "perc_90": 3.0, "mean": 2.8}, "_retval_Add_7_0_15": {"durList": [5, 5, 5, 6, 5], "median": 5.0, "st": [1585672398554198, 1585672399106750, 1585672399622390, 1585672400142696, 1585672400669693], "std_dev": 0.39999999999999997, "perc_90": 5.6, "mean": 5.2}, "_retval_MatMul_0_18": {"durList": [3, 2, 3, 3, 3], "median": 3.0, "st": [1585672398282550, 1585672398836228, 1585672399352462, 1585672399876422, 1585672400394049], "std_dev": 0.39999999999999997, "perc_90": 3.0, "mean": 2.8}, "_retval_MatMul_1_0_27": {"durList": [2, 2, 3, 2, 3], "median": 2.0, "st": [1585672398560492, 1585672399113282, 1585672399628800, 1585672400149394, 1585672400676373], "std_dev": 0.4898979485566356, "perc_90": 3.0, "mean": 2.4}, "_arg_Placeholder_16_0_7": {"durList": [3, 4, 3, 3, 3], "median": 3.0,