{"MatMul_11": {"durList": [17, 17, 17, 17, 16], "median": 17.0, "dev": "gpu0", "st": [1585672398258416, 1585672398807460, 1585672399323954, 1585672399847908, 1585672400372149], "std_dev": 0.4, "perc_90": 17.0, "mean": 16.8}, "MatMul_7": {"durList": [9810, 9797, 9710, 9699, 9826], "median": 9797.0, "dev": "gpu0", "st": [1585672398359245, 1585672398909310, 1585672399425634, 1585672399951729, 1585672400470735], "std_dev": 53.09086550434077, "perc_90": 9819.6, "mean": 9768.4}, "MatMul_12": {"durList": [25, 22, 22, 22, 20], "median": 22.0, "dev": "gpu0", "st": [1585672398258442, 1585672398807486, 1585672399323980, 1585672399847935, 1585672400372174], "std_dev": 1.6, "perc_90": 23.799999999999997, "mean": 22.2}, "MatMul_13": {"durList": [42, 40, 40, 41, 42], "median": 41.0, "dev": "gpu0", "st": [1585672398258365, 1585672398807411, 1585672399323905, 1585672399847858, 1585672400372098], "std_dev": 0.8944271909999159, "perc_90": 42.0, "mean": 41.0}, "MatMul_16": {"durList": [9862, 9420, 9446, 9631, 9864], "median": 9631.0, "dev": "gpu0", "st": [1585672398248259, 1585672398797764, 1585672399314225, 1585672399837992, 1585672400361991], "std_dev": 192.59865004719012, "perc_90": 9863.2, "mean": 9644.6}, "MatMul": {"durList": [18, 16, 16, 15, 17], "median": 16.0, "dev": "gpu0", "st": [1585672398258338, 1585672398807385, 1585672399323878, 1585672399847833, 1585672400372071], "std_dev": 1.019803902718557, "perc_90": 17.6, "mean": 16.4}, "MatMul_1": {"durList": [15, 15, 15, 15, 15], "median": 15.0, "dev": "gpu0", "st": [1585672398370673, 1585672398920753, 1585672399436943, 1585672399963039, 1585672400482193], "std_dev": 0.0, "perc_90": 15.0, "mean": 15.0}, "MatMul_10": {"durList": [17, 17, 18, 17, 16], "median": 17.0, "dev": "gpu0", "st": [1585672398258475, 1585672398807517, 1585672399324011, 1585672399847966, 1585672400372204], "std_dev": 0.6324555320336759, "perc_90": 17.6, "mean": 17.0}, "MatMul_3": {"durList": [24, 24, 24, 23, 24], "median": 24.0, "dev": "gpu0", "st": [1585672398370612, 1585672398920692, 1585672399436883, 1585672399962979, 1585672400482131], "std_dev": 0.39999999999999997, "perc_90": 24.0, "mean": 23.8}, "MatMul_2": {"durList": [18, 17, 18, 17, 18], "median": 18.0, "dev": "gpu0", "st": [1585672398370645, 1585672398920725, 1585672399436915, 1585672399963011, 1585672400482164], "std_dev": 0.4898979485566356, "perc_90": 18.0, "mean": 17.6}, "MatMul_15": {"durList": [1257, 1272, 1257, 1245, 1238], "median": 1257.0, "dev": "gpu0", "st": [1585672398447572, 1585672398998519, 1585672399513871, 1585672400039208, 1585672400559065], "std_dev": 11.651609330903607, "perc_90": 1266.0, "mean": 1253.8}, "MatMul_14": {"durList": [184, 171, 176, 179, 184], "median": 179.0, "dev": "gpu0", "st": [1585672398258139, 1585672398807201, 1585672399323689, 1585672399847641, 1585672400371872], "std_dev": 4.955804677345546, "perc_90": 184.0, "mean": 178.8}, "MatMul_17": {"durList": [76872, 77736, 76898, 76142, 76843], "median": 76872.0, "dev": "gpu0", "st": [1585672398370697, 1585672398920779, 1585672399436969, 1585672399963063, 1585672400482219], "std_dev": 505.4662797853087, "perc_90": 77400.8, "mean": 76898.2}, "MatMul_6": {"durList": [1251, 1277, 1238, 1250, 1265], "median": 1251.0, "dev": "gpu0", "st": [1585672398369102, 1585672398919155, 1585672399435392, 1585672399961474, 1585672400480609], "std_dev": 13.46699669562594, "perc_90": 1272.2, "mean": 1256.2}, "MatMul_9": {"durList": [17, 17, 17, 17, 18], "median": 17.0, "dev": "gpu0", "st": [1585672398369069, 1585672398919122, 1585672399435359, 1585672399961442, 1585672400480576], "std_dev": 0.4, "perc_90": 17.6, "mean": 17.2}, "MatMul_5": {"durList": [182, 185, 180, 181, 182], "median": 182.0, "dev": "gpu0", "st": [1585672398370420, 1585672398920496, 1585672399436693, 1585672399962788, 1585672400481939], "std_dev": 1.6733200530681511, "perc_90": 183.8, "mean": 182.0}, "MatMul_8": {"durList": [76156, 72484, 72621, 74740, 76126], "median": 74740.0, "dev": "gpu0", "st": [1585672398283086, 1585672398836824, 1585672399353011, 1585672399876987, 1585672400394606], "std_dev": 1613.126355869248, "perc_90": 76144.0, "mean": 74425.4}, "MatMul_4": {"durList": [41, 41, 40, 39, 40], "median": 40.0, "dev": "gpu0", "st": [1585672398370363, 1585672398920441, 1585672399436639, 1585672399962734, 1585672400481884], "std_dev": 0.7483314773547882, "perc_90": 41.0, "mean": 40.2}}