{"_retval_MatMul_0_0": {"durList": [8, 7, 7, 7, 7], "median": 7.0, "st": [1583454784659018, 1583454784671319, 1583454784683321, 1583454784695216, 1583454784707056], "std_dev": 0.39999999999999997, "perc_90": 7.6, "mean": 7.2}, "_arg_Placeholder_0_0": {"durList": [7, 7, 24, 7, 7], "median": 7.0, "st": [1583454784657293, 1583454784669648, 1583454784681598, 1583454784693543, 1583454784705410], "std_dev": 6.8, "perc_90": 17.200000000000003, "mean": 10.4}}