{"MatMul_28": {"durList": [25, 34, 36, 35, 34], "median": 34.0, "dev": "gpu0", "st": [1583448679811579, 1583448679942880, 1583448680078831, 1583448680216006, 1583448680337330], "std_dev": 3.9698866482558417, "perc_90": 35.599999999999994, "mean": 32.8}, "MatMul_29": {"durList": [22, 34, 25, 32, 26], "median": 26.0, "dev": "gpu0", "st": [1583448679812018, 1583448679944465, 1583448680079409, 1583448680216850, 1583448680337756], "std_dev": 4.48998886412873, "perc_90": 33.2, "mean": 27.8}, "MatMul_17": {"durList": [27, 30, 32, 24, 34], "median": 30.0, "dev": "gpu0", "st": [1583448679809463, 1583448679940881, 1583448680076622, 1583448680213706, 1583448680335039], "std_dev": 3.5552777669262356, "perc_90": 33.2, "mean": 29.4}, "MatMul_20": {"durList": [24, 41, 35, 34, 35], "median": 35.0, "dev": "gpu0", "st": [1583448679809926, 1583448679941136, 1583448680076890, 1583448680213484, 1583448680335268], "std_dev": 5.491812087098392, "perc_90": 38.6, "mean": 33.8}, "MatMul_21": {"durList": [28, 38, 48, 54, 41], "median": 41.0, "dev": "gpu0", "st": [1583448679810637, 1583448679941982, 1583448680078175, 1583448680214935, 1583448680336355], "std_dev": 8.863407922464134, "perc_90": 51.6, "mean": 41.8}, "MatMul_22": {"durList": [22, 30, 26, 38, 35], "median": 30.0, "dev": "gpu0", "st": [1583448679811204, 1583448679942649, 1583448680078787, 1583448680215787, 1583448680337124], "std_dev": 5.81033561853358, "perc_90": 36.8, "mean": 30.2}, "MatMul_23": {"durList": [33, 33, 35, 26, 35], "median": 33.0, "dev": "gpu0", "st": [1583448679812064, 1583448679943586, 1583448680079453, 1583448680216150, 1583448680338025], "std_dev": 3.3226495451672298, "perc_90": 35.0, "mean": 32.4}, "MatMul_24": {"durList": [24, 39, 32, 38, 31], "median": 32.0, "dev": "gpu0", "st": [1583448679809877, 1583448679941813, 1583448680076821, 1583448680214016, 1583448680334705], "std_dev": 5.418486873657627, "perc_90": 38.599999999999994, "mean": 32.8}, "MatMul_25": {"durList": [19, 28, 36, 34, 28], "median": 28.0, "dev": "gpu0", "st": [1583448679810868, 1583448679943078, 1583448680078397, 1583448680215168, 1583448680336638], "std_dev": 5.932958789676531, "perc_90": 35.2, "mean": 29.0}, "MatMul_26": {"durList": [22, 26, 53, 25, 26], "median": 26.0, "dev": "gpu0", "st": [1583448679811532, 1583448679944193, 1583448680079646, 1583448680216371, 1583448680338225], "std_dev": 11.394735626595292, "perc_90": 42.2, "mean": 30.4}, "MatMul_27": {"durList": [22, 30, 26, 26, 64], "median": 26.0, "dev": "gpu0", "st": [1583448679811852, 1583448679944239, 1583448680079803, 1583448680216796, 1583448680337494], "std_dev": 15.409088227406578, "perc_90": 50.400000000000006, "mean": 33.6}, "MatMul": {"durList": [21, 27, 29, 34, 32], "median": 29.0, "dev": "gpu0", "st": [1583448679810418, 1583448679941756, 1583448680077292, 1583448680214470, 1583448680336003], "std_dev": 4.498888751680797, "perc_90": 33.2, "mean": 28.6}, "MatMul_2": {"durList": [23, 38, 28, 40, 26], "median": 28.0, "dev": "gpu0", "st": [1583448679810819, 1583448679942161, 1583448680078112, 1583448680215590, 1583448680336861], "std_dev": 6.752777206453653, "perc_90": 39.2, "mean": 31.0}, "MatMul_16": {"durList": [22, 50, 90, 57, 83], "median": 57.0, "dev": "gpu0", "st": [1583448679809505, 1583448679940672, 1583448680076317, 1583448680213024, 1583448680334207], "std_dev": 24.418026128252055, "perc_90": 87.2, "mean": 60.4}, "MatMul_11": {"durList": [22, 27, 38, 27, 26], "median": 27.0, "dev": "gpu0", "st": [1583448679811369, 1583448679943972, 1583448680079258, 1583448680215943, 1583448680337080], "std_dev": 5.329165037789691, "perc_90": 33.6, "mean": 28.0}, "MatMul_10": {"durList": [25, 26, 26, 26, 36], "median": 26.0, "dev": "gpu0", "st": [1583448679811415, 1583448679943742, 1583448680078352, 1583448680215107, 1583448680336686], "std_dev": 4.1182520563948, "perc_90": 32.0, "mean": 27.8}, "MatMul_13": {"durList": [61, 41, 54, 23, 43], "median": 43.0, "dev": "gpu0", "st": [1583448679809132, 1583448679941050, 1583448680075727, 1583448680213442, 1583448680334519], "std_dev": 12.955307792561317, "perc_90": 58.2, "mean": 44.4}, "MatMul_12": {"durList": [22, 81, 28, 26, 35], "median": 28.0, "dev": "gpu0", "st": [1583448679811008, 1583448679942370, 1583448680078550, 1583448680215324, 1583448680336924], "std_dev": 21.712669112755343, "perc_90": 62.60000000000001, "mean": 38.4}, "MatMul_15": {"durList": [23, 27, 29, 26, 65], "median": 27.0, "dev": "gpu0", "st": [1583448679810069, 1583448679942114, 1583448680077066, 1583448680214173, 1583448680334938], "std_dev": 15.620499351813308, "perc_90": 50.60000000000001, "mean": 34.0}, "MatMul_14": {"durList": [30, 28, 55, 34, 37], "median": 34.0, "dev": "gpu0", "st": [1583448679809719, 1583448679941297, 1583448680076065, 1583448680213297, 1583448680334771], "std_dev": 9.620810776644555, "perc_90": 47.800000000000004, "mean": 36.8}, "MatMul_31": {"durList": [44, 26, 29, 32, 69], "median": 32.0, "dev": "gpu0", "st": [1583448679811057, 1583448679943301, 1583448680077817, 1583448680215375, 1583448680336163], "std_dev": 15.735310610216755, "perc_90": 59.0, "mean": 40.0}, "MatMul_30": {"durList": [37, 41, 57, 35, 53], "median": 41.0, "dev": "gpu0", "st": [1583448679809023, 1583448679940572, 1583448680075602, 1583448680212936, 1583448680334081], "std_dev": 8.799999999999999, "perc_90": 55.4, "mean": 44.6}, "MatMul_19": {"durList": [21, 40, 38, 36, 26], "median": 36.0, "dev": "gpu0", "st": [1583448679810591, 1583448679942804, 1583448680077872, 1583448680214704, 1583448680335941], "std_dev": 7.386474125047755, "perc_90": 39.2, "mean": 32.2}, "MatMul_18": {"durList": [23, 28, 35, 36, 30], "median": 30.0, "dev": "gpu0", "st": [1583448679810242, 1583448679941499, 1583448680077360, 1583448680214220, 1583448680335217], "std_dev": 4.758150901348127, "perc_90": 35.599999999999994, "mean": 30.4}, "MatMul_35": {"durList": [21, 27, 25, 29, 26], "median": 26.0, "dev": "gpu0", "st": [1583448679812364, 1583448679944404, 1583448680079194, 1583448680216581, 1583448680338179], "std_dev": 2.65329983228432, "perc_90": 28.2, "mean": 25.6}, "MatMul_1": {"durList": [20, 34, 27, 34, 26], "median": 27.0, "dev": "gpu0", "st": [1583448679811694, 1583448679944035, 1583448680080042, 1583448680216424, 1583448680337286], "std_dev": 5.30659966456864, "perc_90": 34.0, "mean": 28.2}, "MatMul_3": {"durList": [19, 33, 35, 27, 57], "median": 33.0, "dev": "gpu0", "st": [1583448679811741, 1583448679943140, 1583448680079047, 1583448680215534, 1583448680337587], "std_dev": 12.687001221722964, "perc_90": 48.2, "mean": 34.2}, "MatMul_34": {"durList": [60, 26, 34, 29, 36], "median": 34.0, "dev": "gpu0", "st": [1583448679809320, 1583448679940835, 1583448680075999, 1583448680213222, 1583448680334461], "std_dev": 12.033287165193059, "perc_90": 50.400000000000006, "mean": 37.0}, "MatMul_5": {"durList": [23, 35, 48, 72, 38], "median": 38.0, "dev": "gpu0", "st": [1583448679809667, 1583448679941349, 1583448680076533, 1583448680213773, 1583448680335536], "std_dev": 16.460862674841803, "perc_90": 62.4, "mean": 43.2}, "MatMul_4": {"durList": [25, 32, 26, 25, 33], "median": 26.0, "dev": "gpu0", "st": [1583448679811900, 1583448679943349, 1583448680078986, 1583448680215740, 1583448680337812], "std_dev": 3.54400902933387, "perc_90": 32.6, "mean": 28.2}, "MatMul_7": {"durList": [27, 27, 53, 54, 42], "median": 42.0, "dev": "gpu0", "st": [1583448679811250, 1583448679943524, 1583448680078613, 1583448680214842, 1583448680336475], "std_dev": 11.876026271442818, "perc_90": 53.6, "mean": 40.6}, "MatMul_6": {"durList": [25, 27, 28, 29, 55], "median": 28.0, "dev": "gpu0", "st": [1583448679810290, 1583448679942323, 1583448680077526, 1583448680214410, 1583448680335446], "std_dev": 11.178550889985695, "perc_90": 44.60000000000001, "mean": 32.8}, "MatMul_9": {"durList": [25, 27, 91, 26, 27], "median": 27.0, "dev": "gpu0", "st": [1583448679810465, 1583448679942582, 1583448680077588, 1583448680214629, 1583448680335702], "std_dev": 25.910615585122635, "perc_90": 65.4, "mean": 39.2},