{"MatMul_28": {"durList": [479, 482, 483, 486, 493], "median": 483.0, "dev": "gpu0", "st": [1583449252665770, 1583449258982423, 1583449265349454, 1583449271782808, 1583449278182862], "std_dev": 4.758150901348127, "perc_90": 490.20000000000005, "mean": 484.6}, "MatMul_29": {"durList": [819, 814, 818, 839, 828], "median": 819.0, "dev": "gpu0", "st": [1583449252669784, 1583449258986467, 1583449265353495, 1583449271786972, 1583449278186977], "std_dev": 8.957678270623477, "perc_90": 834.6, "mean": 823.6}, "MatMul_17": {"durList": [7, 7, 7, 10, 11], "median": 7.0, "dev": "gpu0", "st": [1583449252629390, 1583449258945701, 1583449265313015, 1583449271744599, 1583449278144664], "std_dev": 1.7435595774162693, "perc_90": 10.600000000000001, "mean": 8.4}, "MatMul_20": {"durList": [17, 18, 16, 18, 18], "median": 18.0, "dev": "gpu0", "st": [1583449252629371, 1583449258945681, 1583449265312985, 1583449271744618, 1583449278144549], "std_dev": 0.7999999999999999, "perc_90": 18.0, "mean": 17.4}, "MatMul_21": {"durList": [19, 19, 19, 19, 19], "median": 19.0, "dev": "gpu0", "st": [1583449252670613, 1583449258987283, 1583449265354315, 1583449271786951, 1583449278187807], "std_dev": 0.0, "perc_90": 19.0, "mean": 19.0}, "MatMul_22": {"durList": [29, 29, 29, 29, 29], "median": 29.0, "dev": "gpu0", "st": [1583449252669742, 1583449258986410, 1583449265353311, 1583449271786909, 1583449278186929], "std_dev": 0.0, "perc_90": 29.0, "mean": 29.0}, "MatMul_23": {"durList": [53, 53, 55, 55, 52], "median": 53.0, "dev": "gpu0", "st": [1583449252666251, 1583449258982907, 1583449265349940, 1583449271783296, 1583449278183357], "std_dev": 1.2, "perc_90": 55.0, "mean": 53.6}, "MatMul_24": {"durList": [86, 90, 85, 91, 91], "median": 90.0, "dev": "gpu0", "st": [1583449252629272, 1583449258945577, 1583449265312897, 1583449271744506, 1583449278144571], "std_dev": 2.576819745345025, "perc_90": 91.0, "mean": 88.6}, "MatMul_43": {"durList": [1409856, 1424355, 1433536, 1438172, 1446312], "median": 1433536.0, "dev": "gpu0", "st": [1583449251128985, 1583449257430466, 1583449263789229, 1583449270215832, 1583449276607582], "std_dev": 12506.138595106006, "perc_90": 1443056.0, "mean": 1430446.2}, "MatMul_40": {"durList": [275085, 276551, 278064, 279104, 280842], "median": 278064.0, "dev": "gpu0", "st": [1583449250756653, 1583449257055966, 1583449263412005, 1583449269835977, 1583449276226714], "std_dev": 1993.571608947118, "perc_90": 280146.8, "mean": 277929.2}, "MatMul_41": {"durList": [479188, 480116, 480153, 480874, 484098], "median": 480153.0, "dev": "gpu0", "st": [1583449255983347, 1583449262329289, 1583449268698428, 1583449275139588, 1583449281552231], "std_dev": 1692.9548605913863, "perc_90": 482808.4, "mean": 480885.8}, "MatMul_3": {"durList": [4, 5, 12, 6, 8], "median": 6.0, "dev": "gpu0", "st": [1583449252538842, 1583449258854822, 1583449263789208, 1583449271654005, 1583449276607571], "std_dev": 2.8284271247461903, "perc_90": 10.4, "mean": 7.0}, "MatMul_2": {"durList": [4, 4, 5, 5, 9], "median": 5.0, "dev": "gpu0", "st": [1583449252660177, 1583449258976815, 1583449265349448, 1583449271782802, 1583449278176867], "std_dev": 1.8547236990991407, "perc_90": 7.4, "mean": 5.4}, "MatMul_44": {"durList": [2465391, 2490106, 2490674, 2492047, 2508426], "median": 2490674.0, "dev": "gpu0", "st": [1583449253517954, 1583449259839182, 1583449266207753, 1583449272647540, 1583449279043803], "std_dev": 13766.070832303601, "perc_90": 2501874.4000000004, "mean": 2489328.8}, "MatMul_42": {"durList": [830253, 834628, 835685, 842225, 838403], "median": 835685.0, "dev": "gpu0", "st": [1583449252687684, 1583449259004529, 1583449265372041, 1583449271805291, 1583449278205374], "std_dev": 3981.1939113788467, "perc_90": 840696.2, "mean": 836238.8}, "MatMul_25": {"durList": [122, 123, 126, 126, 126], "median": 126.0, "dev": "gpu0", "st": [1583449252669609, 1583449258986286, 1583449265353348, 1583449271786771, 1583449278186793], "std_dev": 1.7435595774162693, "perc_90": 126.0, "mean": 124.6}, "MatMul_37": {"durList": [88856, 89091, 88655, 88858, 89013], "median": 88858.0, "dev": "gpu0", "st": [1583449252538848, 1583449258854828, 1583449265222765, 1583449271654012, 1583449278053895], "std_dev": 150.21930634908415, "perc_90": 89059.79999999999, "mean": 88894.6}, "MatMul_36": {"durList": [30775, 31103, 30605, 32147, 32181], "median": 31103.0, "dev": "gpu0", "st": [1583449252629400, 1583449258945710, 1583449265313024, 1583449271744638, 1583449278144684], "std_dev": 674.0452210349094, "perc_90": 32167.4, "mean": 31362.2}, "MatMul_13": {"durList": [9, 10, 9, 5, 5], "median": 9.0, "dev": "gpu0", "st": [1583449252629360, 1583449258945669, 1583449265313003, 1583449271744612, 1583449278144677], "std_dev": 2.1540659228538015, "perc_90": 9.6, "mean": 7.6}, "MatMul_12": {"durList": [5, 5, 6, 5, 5], "median": 5.0, "dev": "gpu0", "st": [1583449252666315, 1583449258982977, 1583449265350004, 1583449271783365, 1583449278183421], "std_dev": 0.39999999999999997, "perc_90": 5.6, "mean": 5.2}, "MatMul_33": {"durList": [5586, 5600, 5814, 6013, 5982], "median": 5814.0, "dev": "gpu0", "st": [1583449252660183, 1583449258976820, 1583449265343631, 1583449271776786, 1583449278176878], "std_dev": 181.37254478007415, "perc_90": 6000.6, "mean": 5799.0}, "MatMul_14": {"durList": [5, 6, 5, 8, 5], "median": 5.0, "dev": "gpu0", "st": [1583449256767210, 1583449263115445, 1583449269481575, 1583449275924129, 1583449282340501], "std_dev": 1.16619037896906, "perc_90": 7.2, "mean": 5.8}, "MatMul_31": {"durList": [2313, 2526, 2187, 2443, 2261], "median": 2313.0, "dev": "gpu0", "st": [1583449256764563, 1583449263112594, 1583449269479061, 1583449275921684, 1583449282337909], "std_dev": 122.80390873258065, "perc_90": 2492.8, "mean": 2346.0}, "MatMul_16": {"durList": [6, 7, 6, 10, 9], "median": 7.0, "dev": "gpu0", "st": [1583449252666322, 1583449258982962, 1583449265350013, 1583449271783352, 1583449278183411], "std_dev": 1.624807680927192, "perc_90": 9.6, "mean": 7.6}, "MatMul_19": {"durList": [10, 10, 10, 10, 10], "median": 10.0, "dev": "gpu0", "st": [1583449252669772, 1583449258986441, 1583449265353476, 1583449271786940, 1583449278186959], "std_dev": 0.0, "perc_90": 10.0, "mean": 10.0}, "MatMul_18": {"durList": [9, 8, 9, 9, 7], "median": 9.0, "dev": "gpu0", "st": [1583449256767182, 1583449263115452, 1583449269481564, 1583449275924466, 1583449282340492], "std_dev": 0.8, "perc_90": 9.0, "mean": 8.4}, "MatMul_27": {"durList": [301, 304, 302, 302, 299], "median": 302.0, "dev": "gpu0", "st": [1583449256766879, 1583449263115122, 1583449269481251, 1583449275924162, 1583449282340172], "std_dev": 1.624807680927192, "perc_90": 303.2, "mean": 301.6}, "MatMul_39": {"durList": [292335, 293785, 291094, 292280, 292514], "median": 292335.0, "dev": "gpu0", "st": [1583449256462536, 1583449262809406, 1583449269178582, 1583449275620465, 1583449282036330], "std_dev": 855.040256362237, "perc_90": 293276.6, "mean": 292401.6}, "MatMul_38": {"durList": [97220, 97922, 99112, 100725, 99990], "median": 99112.0, "dev": "gpu0", "st": [1583449251031742, 1583449257332539, 1583449263690091, 1583449270115103, 1583449276507560], "std_dev": 1288.2981642461498, "perc_90": 100431.0, "mean": 98993.8}, "MatMul_11": {"durList": [8, 8, 7, 4, 7], "median": 7.0, "dev": "gpu0", "st": [1583449256767192, 1583449263115435, 1583449269481555, 1583449275924145, 1583449282340482], "std_dev": 1.469693845669907, "perc_90": 8.0, "mean": 6.8}, "MatMul_30": {"durList": [1367, 1450, 1277, 1431, 1437], "median": 1431.0, "dev": "gpu0", "st": [1583449252627706, 1583449258943921, 1583449265311422, 1583449271742872, 1583449278142910], "std_dev": 64.43477322067643, "perc_90": 1444.8, "mean": 1392.4}, "MatMul_15": {"durList": [7, 5, 5, 7, 7], "median": 7.0, "dev": "gpu0", "st": [1583449252669733, 1583449258986453, 1583449265353488, 1583449271786900, 1583449278186920], "std_dev": 0.9797958971132712, "perc_90": 7.0, "mean": 6.2}, "MatMul_26": {"durList": [181, 189, 179, 189, 189], "median": 189.0, "dev": "gpu0",