{"MatMul_28": {"durList": [35, 96, 85, 101, 35], "median": 85.0, "dev": "gpu0", "st": [1583455131429711, 1583455137910539, 1583455144422096, 1583455151099401, 1583455157702083], "std_dev": 29.363923443572727, "perc_90": 99.0, "mean": 70.4}, "MatMul_29": {"durList": [115, 97, 89, 175, 135], "median": 115.0, "dev": "gpu0", "st": [1583455131325566, 1583455137805592, 1583455144318077, 1583455150996051, 1583455157598064], "std_dev": 30.792206806268368, "perc_90": 159.0, "mean": 122.2}, "MatMul_17": {"durList": [124, 284, 230, 252, 332], "median": 252.0, "dev": "gpu0", "st": [1583455131324578, 1583455137804512, 1583455144316776, 1583455150993807, 1583455157596762], "std_dev": 69.2866509509588, "perc_90": 312.8, "mean": 244.4}, "MatMul_20": {"durList": [152, 130, 63, 154, 71], "median": 130.0, "dev": "gpu0", "st": [1583455131769911, 1583455138250878, 1583455144762288, 1583455151439472, 1583455158042113], "std_dev": 39.370039370059054, "perc_90": 153.2, "mean": 114.0}, "MatMul_21": {"durList": [71, 169, 137, 166, 89], "median": 137.0, "dev": "gpu0", "st": [1583455131325744, 1583455137805645, 1583455144318093, 1583455150995862, 1583455157598138], "std_dev": 39.90789395595814, "perc_90": 167.8, "mean": 126.4}, "MatMul_22": {"durList": [151, 89, 119, 191, 147], "median": 147.0, "dev": "gpu0", "st": [1583455131326015, 1583455137806152, 1583455144318516, 1583455150995750, 1583455157598453], "std_dev": 34.09164120426003, "perc_90": 175.0, "mean": 139.4}, "MatMul_23": {"durList": [155, 237, 164, 252, 220], "median": 220.0, "dev": "gpu0", "st": [1583455131324634, 1583455137804904, 1583455144317104, 1583455150994410, 1583455157597133], "std_dev": 39.08247689182455, "perc_90": 246.0, "mean": 205.6}, "MatMul_24": {"durList": [305, 135, 150, 139, 102], "median": 139.0, "dev": "gpu0", "st": [1583455131769498, 1583455138250828, 1583455144761899, 1583455151439198, 1583455158041855], "std_dev": 71.22190674223766, "perc_90": 243.0, "mean": 166.2}, "MatMul_43": {"durList": [80, 119, 169, 148, 165], "median": 148.0, "dev": "gpu0", "st": [1583455131420272, 1583455137901049, 1583455144412617, 1583455151090035, 1583455157692641], "std_dev": 33.16262957004465, "perc_90": 167.4, "mean": 136.2}, "MatMul_26": {"durList": [251, 257, 154, 285, 60], "median": 251.0, "dev": "gpu0", "st": [1583455131324715, 1583455137804825, 1583455144317015, 1583455150994092, 1583455157597132], "std_dev": 83.40407663897491, "perc_90": 273.8, "mean": 201.4}, "MatMul_27": {"durList": [176, 172, 253, 336, 193], "median": 193.0, "dev": "gpu0", "st": [1583455131324368, 1583455137804467, 1583455144316661, 1583455150993890, 1583455157596711], "std_dev": 62.18359912388475, "perc_90": 302.8, "mean": 226.0}, "MatMul_3": {"durList": [87, 110, 91, 172, 119], "median": 110.0, "dev": "gpu0", "st": [1583455131495621, 1583455137976600, 1583455144487893, 1583455151165506, 1583455157767729], "std_dev": 30.48540634467581, "perc_90": 150.8, "mean": 115.8}, "MatMul_2": {"durList": [123, 105, 113, 191, 149], "median": 123.0, "dev": "gpu0", "st": [1583455131325829, 1583455137806064, 1583455144318562, 1583455150995446, 1583455157598439], "std_dev": 31.153811965793203, "perc_90": 174.20000000000002, "mean": 136.2}, "MatMul_8": {"durList": [116, 162, 178, 96, 82], "median": 116.0, "dev": "gpu0", "st": [1583455131569084, 1583455138049945, 1583455144561502, 1583455151238681, 1583455157841520], "std_dev": 37.236541192758494, "perc_90": 171.6, "mean": 126.8}, "MatMul_44": {"durList": [169, 169, 78, 165, 58], "median": 165.0, "dev": "gpu0", "st": [1583455131705026, 1583455138185886, 1583455144697358, 1583455151374537, 1583455157977419], "std_dev": 49.2560656163279, "perc_90": 169.0, "mean": 127.8}, "MatMul_7": {"durList": [194, 334, 165, 302, 99], "median": 194.0, "dev": "gpu0", "st": [1583455131736675, 1583455138217501, 1583455144729006, 1583455151406181, 1583455158008969], "std_dev": 87.24081613556811, "perc_90": 321.2, "mean": 218.8}, "MatMul_42": {"durList": [95, 186, 117, 292, 114], "median": 117.0, "dev": "gpu0", "st": [1583455131495419, 1583455137976205, 1583455144487646, 1583455151165050, 1583455157767684], "std_dev": 72.50765476830705, "perc_90": 249.6, "mean": 160.8}, "MatMul_25": {"durList": [253, 302, 113, 288, 44], "median": 253.0, "dev": "gpu0", "st": [1583455131769434, 1583455138250277, 1583455144761773, 1583455151438922, 1583455158041737], "std_dev": 102.82217659629657, "perc_90": 296.4, "mean": 200.0}, "MatMul_11": {"durList": [112, 106, 74, 191, 104], "median": 106.0, "dev": "gpu0", "st": [1583455131325964, 1583455137805838, 1583455144318239, 1583455150995654, 1583455157598341], "std_dev": 39.08759393976559, "perc_90": 159.4, "mean": 117.4}, "MatMul_10": {"durList": [100, 125, 147, 117, 187], "median": 125.0, "dev": "gpu0", "st": [1583455131325908, 1583455137805930, 1583455144318408, 1583455150995438, 1583455157598234], "std_dev": 29.989331436362498, "perc_90": 171.0, "mean": 135.2}, "MatMul_35": {"durList": [164, 165, 164, 196, 59], "median": 164.0, "dev": "gpu0", "st": [1583455131567958, 1583455138048813, 1583455144560276, 1583455151237535, 1583455157840341], "std_dev": 46.932291655106724, "perc_90": 183.60000000000002, "mean": 149.6}, "MatMul_12": {"durList": [92, 144, 153, 196, 152], "median": 152.0, "dev": "gpu0", "st": [1583455131324986, 1583455137805113, 1583455144317305, 1583455150994685, 1583455157597395], "std_dev": 33.15177219998955, "perc_90": 178.8, "mean": 147.4}, "MatMul_33": {"durList": [163, 162, 163, 161, 162], "median": 162.0, "dev": "gpu0", "st": [1583455131768597, 1583455138249295, 1583455144760854, 1583455151437978, 1583455158041031], "std_dev": 0.7483314773547882, "perc_90": 163.0, "mean": 162.2}, "MatMul_14": {"durList": [107, 217, 85, 236, 144], "median": 144.0, "dev": "gpu0", "st": [1583455131420304, 1583455137901093, 1583455144412616, 1583455151090040, 1583455157692630], "std_dev": 59.48243438192489, "perc_90": 228.4, "mean": 157.8}, "MatMul_31": {"durList": [177, 91, 65, 191, 73], "median": 91.0, "dev": "gpu0", "st": [1583455131569093, 1583455138049798, 1583455144561499, 1583455151238716, 1583455157841510], "std_dev": 53.59701484224658, "perc_90": 185.4, "mean": 119.4}, "MatMul_16": {"durList": [105, 108, 76, 169, 35], "median": 105.0, "dev": "gpu0", "st": [1583455131324992, 1583455137805277, 1583455144317289, 1583455150994797, 1583455157597395], "std_dev": 43.9117296402681, "perc_90": 144.60000000000002, "mean": 98.6}, "MatMul_19": {"durList": [177, 141, 132, 225, 186], "median": 177.0, "dev": "gpu0", "st": [1583455131324805, 1583455137805157, 1583455144316947, 1583455150994547, 1583455157597201], "std_dev": 33.43889950342266, "perc_90": 209.4, "mean": 172.2}, "MatMul_18": {"durList": [168, 74, 110, 160, 78], "median": 110.0, "dev": "gpu0", "st": [1583455131770189, 1583455138250247, 1583455144761989, 1583455151439750, 1583455158042259], "std_dev": 39.6585425854254, "perc_90": 164.8, "mean": 118.0}, "MatMul_41": {"durList": [170, 167, 171, 164, 75], "median": 167.0, "dev": "gpu0", "st": [1583455131540893, 1583455138021720, 1583455144533219, 1583455151210461, 1583455157813267], "std_dev": 37.280557935739104, "perc_90": 170.6, "mean": 149.4}, "MatMul_39": {"durList": [164, 163, 163, 163, 67], "median": 163.0, "dev": "gpu0", "st": [1583455131562936, 1583455138043638, 1583455144555206, 1583455151232467, 1583455157835235], "std_dev": 38.50194800266605, "perc_90": 163.60000000000002, "mean": 144.0}, "MatMul_38": {"durList": [78, 163, 163, 161, 74], "median": 161.0, "dev": "gpu0", "st": [1583455131755478, 1583455138236261, 1583455144747810, 1583455151425051, 1583455158027857], "std_dev": 42.31973534888893, "perc_90": 163.0, "mean": 127.8}, "MatMul_37": {"durList": [160, 160, 164, 160, 63], "median": 160.0, "dev": "gpu0", "st": [1583455131766099, 1583455138246836, 1583455144758467, 1583455151435536, 1583455158038451], "std_dev": 39.23060030129542, "perc_90": 162.4, "mean": 141.4}, "MatMul_30": {"durList": [97, 89, 86, 102, 38], "median": 89.0, "dev": "gpu0",