{"MatMul_28": {"durList": [96, 77, 98, 70, 29], "median": 77.0, "dev": "gpu0", "st": [1583449250887912, 1583449257187435, 1583449263543457, 1583449269967507, 1583449276358111], "std_dev": 24.939927826679853, "perc_90": 97.2, "mean": 74.0}, "MatMul_29": {"durList": [80, 127, 77, 133, 94], "median": 94.0, "dev": "gpu0", "st": [1583449250890567, 1583449257190137, 1583449263546021, 1583449269970132, 1583449276360589], "std_dev": 23.48957215446889, "perc_90": 130.6, "mean": 102.2}, "MatMul_17": {"durList": [97, 159, 94, 106, 43], "median": 97.0, "dev": "gpu0", "st": [1583449250878299, 1583449257177711, 1583449263533419, 1583449269957547, 1583449276347997], "std_dev": 36.90745182209143, "perc_90": 137.8, "mean": 99.8}, "MatMul_20": {"durList": [112, 109, 46, 131, 101], "median": 109.0, "dev": "gpu0", "st": [1583449250878171, 1583449257177697, 1583449263533268, 1583449269957809, 1583449276347737], "std_dev": 28.645418481844523, "perc_90": 123.4, "mean": 99.8}, "MatMul_21": {"durList": [64, 71, 133, 65, 63], "median": 65.0, "dev": "gpu0", "st": [1583449250890824, 1583449257190290, 1583449263546032, 1583449269970122, 1583449276360793], "std_dev": 27.043668390216588, "perc_90": 108.2, "mean": 79.2}, "MatMul_22": {"durList": [124, 128, 64, 81, 72], "median": 81.0, "dev": "gpu0", "st": [1583449250890221, 1583449257189393, 1583449263545369, 1583449269969883, 1583449276360229], "std_dev": 26.865591376331174, "perc_90": 126.4, "mean": 93.8}, "MatMul_23": {"durList": [120, 180, 110, 205, 152], "median": 152.0, "dev": "gpu0", "st": [1583449250888119, 1583449257187515, 1583449263543685, 1583449269967550, 1583449276358118], "std_dev": 35.69649842771697, "perc_90": 195.0, "mean": 153.4}, "MatMul_24": {"durList": [226, 307, 188, 369, 39], "median": 226.0, "dev": "gpu0", "st": [1583449250877725, 1583449257177162, 1583449263533077, 1583449269957196, 1583449276347846], "std_dev": 112.6257519397762, "perc_90": 344.2, "mean": 225.8}, "MatMul_43": {"durList": [109, 229, 237, 97, 181], "median": 181.0, "dev": "gpu0", "st": [1583449250866032, 1583449257165463, 1583449263521523, 1583449269945547, 1583449276336139], "std_dev": 58.54775828330236, "perc_90": 233.8, "mean": 170.6}, "MatMul_40": {"durList": [223, 126, 217, 104, 214], "median": 214.0, "dev": "gpu0", "st": [1583449250756424, 1583449257055787, 1583449263411788, 1583449269835809, 1583449276226490], "std_dev": 51.01921206761234, "perc_90": 220.6, "mean": 176.8}, "MatMul_41": {"durList": [178, 176, 180, 74, 184], "median": 178.0, "dev": "gpu0", "st": [1583449251148544, 1583449257447977, 1583449263803803, 1583449270227761, 1583449276618195], "std_dev": 42.282857046325525, "perc_90": 182.4, "mean": 158.4}, "MatMul_3": {"durList": [195, 338, 85, 226, 42], "median": 195.0, "dev": "gpu0", "st": [1583449250866100, 1583449257165477, 1583449263521474, 1583449269945562, 1583449276336091], "std_dev": 105.19961977117599, "perc_90": 293.20000000000005, "mean": 177.2}, "MatMul_2": {"durList": [77, 85, 204, 213, 37], "median": 85.0, "dev": "gpu0", "st": [1583449250887625, 1583449257187046, 1583449263543218, 1583449269967158, 1583449276357715], "std_dev": 71.57765014304395, "perc_90": 209.4, "mean": 123.2}, "MatMul_44": {"durList": [169, 182, 185, 93, 182], "median": 182.0, "dev": "gpu0", "st": [1583449251101055, 1583449257400610, 1583449263756638, 1583449270180725, 1583449276571296], "std_dev": 35.03940638766587, "perc_90": 183.8, "mean": 162.2}, "MatMul_42": {"durList": [218, 87, 70, 99, 38], "median": 87.0, "dev": "gpu0", "st": [1583449250961580, 1583449257260840, 1583449263616910, 1583449270040931, 1583449276431575], "std_dev": 61.33384057761261, "perc_90": 170.4, "mean": 102.4}, "MatMul_25": {"durList": [184, 85, 96, 112, 74], "median": 96.0, "dev": "gpu0", "st": [1583449250889934, 1583449257189381, 1583449263545504, 1583449269969568, 1583449276360030], "std_dev": 38.97896868825547, "perc_90": 155.20000000000002, "mean": 110.2}, "MatMul_37": {"durList": [80, 42, 160, 98, 157], "median": 98.0, "dev": "gpu0", "st": [1583449250876584, 1583449257176009, 1583449263532122, 1583449269956147, 1583449276346789], "std_dev": 45.48230425121401, "perc_90": 158.8, "mean": 107.4}, "MatMul_36": {"durList": [79, 159, 81, 158, 75], "median": 81.0, "dev": "gpu0", "st": [1583449250885232, 1583449257184655, 1583449263540632, 1583449269964718, 1583449276355200], "std_dev": 39.322258327822425, "perc_90": 158.60000000000002, "mean": 110.4}, "MatMul_13": {"durList": [214, 88, 33, 75, 150], "median": 88.0, "dev": "gpu0", "st": [1583449250877780, 1583449257177460, 1583449263533403, 1583449269957784, 1583449276347992], "std_dev": 63.299289095534085, "perc_90": 188.39999999999998, "mean": 112.0}, "MatMul_12": {"durList": [90, 79, 81, 107, 54], "median": 81.0, "dev": "gpu0", "st": [1583449250888364, 1583449257188065, 1583449263543905, 1583449269967867, 1583449276358349], "std_dev": 17.22091751330341, "perc_90": 100.19999999999999, "mean": 82.2}, "MatMul_33": {"durList": [183, 187, 74, 68, 145], "median": 145.0, "dev": "gpu0", "st": [1583449250887708, 1583449257187091, 1583449263543137, 1583449269967109, 1583449276357785], "std_dev": 51.48436655917988, "perc_90": 185.4, "mean": 131.4}, "MatMul_14": {"durList": [90, 132, 95, 90, 135], "median": 95.0, "dev": "gpu0", "st": [1583449251176030, 1583449257475289, 1583449263831304, 1583449270255261, 1583449276645921], "std_dev": 20.597087172704786, "perc_90": 133.8, "mean": 108.4}, "MatMul_31": {"durList": [95, 94, 94, 92, 94], "median": 94.0, "dev": "gpu0", "st": [1583449251175182, 1583449257474749, 1583449263830709, 1583449270255014, 1583449276645332], "std_dev": 0.9797958971132712, "perc_90": 94.6, "mean": 93.8}, "MatMul_16": {"durList": [104, 78, 116, 91, 64], "median": 91.0, "dev": "gpu0", "st": [1583449250888479, 1583449257187817, 1583449263543942, 1583449269967815, 1583449276358217], "std_dev": 18.391302292116237, "perc_90": 111.2, "mean": 90.6}, "MatMul_19": {"durList": [73, 70, 134, 118, 61], "median": 73.0, "dev": "gpu0", "st": [1583449250890442, 1583449257189649, 1583449263545527, 1583449269969902, 1583449276360421], "std_dev": 29.130053209700804, "perc_90": 127.6, "mean": 91.2}, "MatMul_18": {"durList": [244, 85, 132, 115, 31], "median": 115.0, "dev": "gpu0", "st": [1583449251175474, 1583449257475430, 1583449263831206, 1583449270255907, 1583449276645899], "std_dev": 70.25838028306659, "perc_90": 199.20000000000002, "mean": 121.4}, "MatMul_27": {"durList": [86, 103, 110, 97, 73], "median": 97.0, "dev": "gpu0", "st": [1583449251175430, 1583449257474906, 1583449263830950, 1583449270255782, 1583449276645559], "std_dev": 13.044539087296261, "perc_90": 107.2, "mean": 93.8}, "MatMul_39": {"durList": [160, 159, 167, 149, 168], "median": 160.0, "dev": "gpu0", "st": [1583449251170673, 1583449257470023, 1583449263825978, 1583449270250258, 1583449276640737], "std_dev": 6.829348431585549, "perc_90": 167.6, "mean": 160.6}, "MatMul_38": {"durList": [167, 200, 239, 254, 94], "median": 200.0, "dev": "gpu0", "st": [1583449250771631, 1583449257071085, 1583449263427104, 1583449269851081, 1583449276241673], "std_dev": 57.16432453899897, "perc_90": 248.0, "mean": 190.8}, "MatMul_11": {"durList": [96, 91, 219, 106, 92], "median": 96.0, "dev": "gpu0", "st": [1583449251175759, 1583449257475190, 1583449263830954, 1583449270255543, 1583449276645679], "std_dev": 49.38582792664309, "perc_90": 173.8, "mean": 120.8}, "MatMul_30": {"durList": [79, 89, 103, 79, 86], "median": 86.0, "dev": "gpu0", "st": [1583449250877350, 1583449257176839, 1583449263532810, 1583449269956993, 1583449276347478], "std_dev": 8.818163074019441, "perc_90": 97.4, "mean": 87.2}, "MatMul_15": {"durList": [75, 115, 55, 139, 72], "median": 75.0, "dev": "gpu0", "st": [1583449250890202, 1583449257189664, 1583449263545743, 1583449269969632, 1583449276360209], "std_dev": 30.96062014882777, "perc_90": 129.4, "mean": 91.2}, "MatMul_26": {"durList": [145, 121, 90, 128, 60], "median": 121.0, "dev": "gpu0",