{"MatMul_28": {"durList": [492, 502, 502, 500, 509], "median": 502.0, "dev": "gpu0", "st": [1583455132901158, 1583455139390598, 1583455145914535, 1583455152606851, 1583455159210409], "std_dev": 5.440588203494177, "perc_90": 506.2, "mean": 501.0}, "MatMul_29": {"durList": [791, 769, 854, 881, 874], "median": 854.0, "dev": "gpu0", "st": [1583455131325732, 1583455137805819, 1583455144318173, 1583455150996216, 1583455157598192], "std_dev": 45.3493109098694, "perc_90": 878.1999999999999, "mean": 833.8}, "MatMul_17": {"durList": [8, 8, 11, 73, 8], "median": 8.0, "dev": "gpu0", "st": [1583455131324880, 1583455137804973, 1583455144317262, 1583455150994009, 1583455157597279], "std_dev": 25.726251184344758, "perc_90": 48.2, "mean": 21.6}, "MatMul_20": {"durList": [18, 17, 18, 17, 17], "median": 17.0, "dev": "gpu0", "st": [1583455137553500, 1583455144065784, 1583455150623077, 1583455157342068, 1583455163953539], "std_dev": 0.4898979485566356, "perc_90": 18.0, "mean": 17.4}, "MatMul_21": {"durList": [20, 19, 22, 34, 24], "median": 22.0, "dev": "gpu0", "st": [1583455131326528, 1583455137806589, 1583455144319031, 1583455150996064, 1583455157599070], "std_dev": 5.381449618829484, "perc_90": 30.0, "mean": 23.8}, "MatMul_22": {"durList": [30, 30, 32, 60, 31], "median": 31.0, "dev": "gpu0", "st": [1583455131326603, 1583455137806670, 1583455144319104, 1583455150995943, 1583455157599145], "std_dev": 11.723480711802276, "perc_90": 48.800000000000004, "mean": 36.6}, "MatMul_23": {"durList": [51, 46, 52, 54, 52], "median": 52.0, "dev": "gpu0", "st": [1583455131324892, 1583455137805748, 1583455144317481, 1583455150994775, 1583455157597483], "std_dev": 2.6832815729997477, "perc_90": 53.2, "mean": 51.0}, "MatMul_24": {"durList": [89, 90, 90, 91, 90], "median": 90.0, "dev": "gpu0", "st": [1583455137553398, 1583455144065692, 1583455150622958, 1583455157341964, 1583455163953427], "std_dev": 0.6324555320336759, "perc_90": 90.6, "mean": 90.0}, "MatMul_43": {"durList": [1444435, 1453078, 1465713, 1480110, 1480884], "median": 1465713.0, "dev": "gpu0", "st": [1583455131420384, 1583455137901168, 1583455144412797, 1583455151090174, 1583455157692855], "std_dev": 14464.118044319192, "perc_90": 1480574.4, "mean": 1464844.0}, "MatMul_26": {"durList": [170, 170, 184, 189, 184], "median": 184.0, "dev": "gpu0", "st": [1583455131325531, 1583455137805576, 1583455144317296, 1583455150994573, 1583455157597298], "std_dev": 7.889233169326409, "perc_90": 187.0, "mean": 179.4}, "MatMul_27": {"durList": [346, 338, 368, 380, 382], "median": 368.0, "dev": "gpu0", "st": [1583455131324527, 1583455137804633, 1583455144316893, 1583455150994181, 1583455157596895], "std_dev": 17.825823964125753, "perc_90": 381.20000000000005, "mean": 362.8}, "MatMul_3": {"durList": [4, 5, 3, 4, 5], "median": 4.0, "dev": "gpu0", "st": [1583455133749424, 1583455140242649, 1583455146773576, 1583455153470514, 1583455160076756], "std_dev": 0.7483314773547882, "perc_90": 5.0, "mean": 4.2}, "MatMul_2": {"durList": [8, 7, 8, 35, 6], "median": 8.0, "dev": "gpu0", "st": [1583455131326566, 1583455137806658, 1583455144319140, 1583455150995653, 1583455157599134], "std_dev": 11.124747188138704, "perc_90": 24.200000000000003, "mean": 12.8}, "MatMul_8": {"durList": [7, 6, 6, 8, 6], "median": 6.0, "dev": "gpu0", "st": [1583455134544396, 1583455141040910, 1583455147579546, 1583455154271966, 1583455160885202], "std_dev": 0.8, "perc_90": 7.6, "mean": 6.6}, "MatMul_44": {"durList": [2518104, 2534965, 2551618, 2570542, 2569480], "median": 2551618.0, "dev": "gpu0", "st": [1583455134546639, 1583455141040918, 1583455147579554, 1583455154274268, 1583455160885209], "std_dev": 20208.26164121991, "perc_90": 2570117.2, "mean": 2548941.8}, "MatMul_7": {"durList": [5, 5, 5, 4, 5], "median": 5.0, "dev": "gpu0", "st": [1583455137348496, 1583455143862683, 1583455150419599, 1583455157133726, 1583455163745696], "std_dev": 0.39999999999999997, "perc_90": 5.0, "mean": 4.8}, "MatMul_42": {"durList": [847747, 851524, 858512, 863131, 865823], "median": 858512.0, "dev": "gpu0", "st": [1583455132901663, 1583455139391114, 1583455145915051, 1583455152607371, 1583455159210932], "std_dev": 6822.342489204129, "perc_90": 864746.2, "mean": 857347.4}, "MatMul_25": {"durList": [125, 128, 127, 127, 130], "median": 127.0, "dev": "gpu0", "st": [1583455137553266, 1583455144065553, 1583455150622827, 1583455157341832, 1583455163953289], "std_dev": 1.624807680927192, "perc_90": 129.2, "mean": 127.4}, "MatMul_11": {"durList": [7, 7, 7, 53, 7], "median": 7.0, "dev": "gpu0", "st": [1583455131326591, 1583455137806624, 1583455144319057, 1583455150995843, 1583455157599123], "std_dev": 18.4, "perc_90": 34.6, "mean": 16.2}, "MatMul_10": {"durList": [9, 7, 8, 45, 8], "median": 8.0, "dev": "gpu0", "st": [1583455131326578, 1583455137806636, 1583455144319092, 1583455150995564, 1583455157599111], "std_dev": 14.813507349712964, "perc_90": 30.6, "mean": 15.4}, "MatMul_35": {"durList": [16184, 17393, 17393, 17410, 17438], "median": 17393.0, "dev": "gpu0", "st": [1583455134528209, 1583455141020858, 1583455147559815, 1583455154254554, 1583455160865456], "std_dev": 490.07615734699846, "perc_90": 17426.8, "mean": 17163.6}, "MatMul_12": {"durList": [4, 5, 7, 40, 29], "median": 7.0, "dev": "gpu0", "st": [1583455131325714, 1583455137805795, 1583455144317550, 1583455150994888, 1583455157597569], "std_dev": 14.737706741552431, "perc_90": 35.6, "mean": 17.0}, "MatMul_33": {"durList": [5863, 5905, 5887, 5927, 5883], "median": 5887.0, "dev": "gpu0", "st": [1583455137545904, 1583455144058081, 1583455150615585, 1583455157334385, 1583455163945912], "std_dev": 21.614809737770074, "perc_90": 5918.200000000001, "mean": 5893.0}, "MatMul_14": {"durList": [6, 7, 32, 7, 70], "median": 7.0, "dev": "gpu0", "st": [1583455132864822, 1583455139354248, 1583455144412730, 1583455152570287, 1583455157692755], "std_dev": 24.824181758922087, "perc_90": 54.800000000000004, "mean": 24.4}, "MatMul_31": {"durList": [2232, 2655, 2334, 2291, 2304], "median": 2304.0, "dev": "gpu0", "st": [1583455134544405, 1583455141038253, 1583455147577210, 1583455154271976, 1583455160882896], "std_dev": 149.62005213205882, "perc_90": 2526.6, "mean": 2363.2}, "MatMul_16": {"durList": [8, 5, 9, 40, 8], "median": 8.0, "dev": "gpu0", "st": [1583455131325720, 1583455137805812, 1583455144317537, 1583455150994980, 1583455157597556], "std_dev": 13.069047402163633, "perc_90": 27.6, "mean": 14.0}, "MatMul_19": {"durList": [9, 10, 11, 13, 13], "median": 11.0, "dev": "gpu0", "st": [1583455131325702, 1583455137805801, 1583455144317276, 1583455150994833, 1583455157597539], "std_dev": 1.6, "perc_90": 13.0, "mean": 11.2}, "MatMul_18": {"durList": [8, 9, 11, 8, 8], "median": 8.0, "dev": "gpu0", "st": [1583455137553527, 1583455144065535, 1583455150623050, 1583455157342094, 1583455163953558], "std_dev": 1.1661903789690602, "perc_90": 10.200000000000001, "mean": 8.8}, "MatMul_41": {"durList": [486682, 486583, 492757, 494282, 495908], "median": 492757.0, "dev": "gpu0", "st": [1583455133749441, 1583455140242667, 1583455146773591, 1583455153470520, 1583455160076784], "std_dev": 3893.796635675777, "perc_90": 495257.6, "mean": 491242.4}, "MatMul_39": {"durList": [292085, 291606, 293465, 289749, 292761], "median": 292085.0, "dev": "gpu0", "st": [1583455134236124, 1583455140729252, 1583455147266349, 1583455153964803, 1583455160572694], "std_dev": 1259.5631623701927, "perc_90": 293183.4, "mean": 291933.2}, "MatMul_38": {"durList": [98313, 96526, 97102, 100941, 101023], "median": 98313.0, "dev": "gpu0", "st": [1583455137358924, 1583455143872939, 1583455150429933, 1583455157143852, 1583455163755983], "std_dev": 1887.6045136627533, "perc_90": 100990.20000000001, "mean": 98781.0}, "MatMul_37": {"durList": [88664, 88612, 88548, 89589, 88903], "median": 88664.0, "dev": "gpu0", "st": [1583455137457239, 1583455143969467, 1583455150527036, 1583455157244795, 1583455163857008], "std_dev": 382.2310296142897, "perc_90": 89314.6, "mean": 88863.2},