{"MatMul_28": {"durList": [83, 117, 81, 90, 86], "median": 86.0, "dev": "gpu0", "st": [1583448679811526, 1583448679942814, 1583448680078797, 1583448680215967, 1583448680337289], "std_dev": 13.154466921924278, "perc_90": 106.20000000000002, "mean": 91.4}, "MatMul_29": {"durList": [65, 111, 70, 82, 73], "median": 73.0, "dev": "gpu0", "st": [1583448679811987, 1583448679944404, 1583448680079374, 1583448680216813, 1583448680337717], "std_dev": 16.363373735266208, "perc_90": 99.4, "mean": 80.2}, "MatMul_17": {"durList": [74, 69, 117, 137, 140], "median": 117.0, "dev": "gpu0", "st": [1583448679809423, 1583448679940848, 1583448680076557, 1583448680213600, 1583448680334950], "std_dev": 30.401315760999555, "perc_90": 138.8, "mean": 107.4}, "MatMul_20": {"durList": [88, 145, 127, 83, 91], "median": 91.0, "dev": "gpu0", "st": [1583448679809866, 1583448679941048, 1583448680076811, 1583448680213449, 1583448680335228], "std_dev": 24.644674881198977, "perc_90": 137.8, "mean": 106.8}, "MatMul_21": {"durList": [81, 86, 144, 149, 137], "median": 137.0, "dev": "gpu0", "st": [1583448679810590, 1583448679941945, 1583448680078092, 1583448680214854, 1583448680336274], "std_dev": 29.601351320505625, "perc_90": 147.0, "mean": 119.4}, "MatMul_22": {"durList": [65, 113, 70, 91, 89], "median": 89.0, "dev": "gpu0", "st": [1583448679811173, 1583448679942575, 1583448680078752, 1583448680215743, 1583448680337089], "std_dev": 17.083325203250098, "perc_90": 104.2, "mean": 85.6}, "MatMul_23": {"durList": [82, 115, 84, 69, 102], "median": 84.0, "dev": "gpu0", "st": [1583448679812021, 1583448679943515, 1583448680079417, 1583448680216115, 1583448680337974], "std_dev": 16.181470884935027, "perc_90": 109.80000000000001, "mean": 90.4}, "MatMul_24": {"durList": [68, 89, 93, 84, 97], "median": 89.0, "dev": "gpu0", "st": [1583448679809844, 1583448679941775, 1583448680076780, 1583448680213978, 1583448680334655], "std_dev": 10.067770358922575, "perc_90": 95.4, "mean": 86.2}, "MatMul_25": {"durList": [108, 80, 87, 99, 74], "median": 87.0, "dev": "gpu0", "st": [1583448679810784, 1583448679943042, 1583448680078360, 1583448680215117, 1583448680336600], "std_dev": 12.403225386970924, "perc_90": 104.4, "mean": 89.6}, "MatMul_26": {"durList": [63, 69, 104, 69, 79], "median": 69.0, "dev": "gpu0", "st": [1583448679811502, 1583448679944158, 1583448680079608, 1583448680216335, 1583448680338190], "std_dev": 14.538225476308998, "perc_90": 94.0, "mean": 76.8}, "MatMul_27": {"durList": [64, 79, 82, 70, 117], "median": 79.0, "dev": "gpu0", "st": [1583448679811822, 1583448679944200, 1583448680079768, 1583448680216759, 1583448680337450], "std_dev": 18.445595680270127, "perc_90": 103.0, "mean": 82.4}, "MatMul": {"durList": [64, 74, 124, 84, 118], "median": 84.0, "dev": "gpu0", "st": [1583448679810387, 1583448679941718, 1583448680077221, 1583448680214431, 1583448680335929], "std_dev": 23.95328787452779, "perc_90": 121.6, "mean": 92.8}, "MatMul_2": {"durList": [69, 81, 85, 107, 80], "median": 81.0, "dev": "gpu0", "st": [1583448679810786, 1583448679942126, 1583448680078074, 1583448680215539, 1583448680336824], "std_dev": 12.483589227461787, "perc_90": 98.19999999999999, "mean": 84.4}, "MatMul_16": {"durList": [55, 162, 148, 204, 274], "median": 162.0, "dev": "gpu0", "st": [1583448679809477, 1583448679940572, 1583448680076272, 1583448680212898, 1583448680334039], "std_dev": 71.74287421061412, "perc_90": 246.0, "mean": 168.6}, "MatMul_11": {"durList": [63, 82, 111, 69, 71], "median": 71.0, "dev": "gpu0", "st": [1583448679811339, 1583448679943935, 1583448680079197, 1583448680215908, 1583448680337042], "std_dev": 17.045820602130014, "perc_90": 99.4, "mean": 79.2}, "MatMul_10": {"durList": [85, 70, 73, 71, 85], "median": 73.0, "dev": "gpu0", "st": [1583448679811369, 1583448679943706, 1583448680078315, 1583448680215070, 1583448680336650], "std_dev": 6.764613810115105, "perc_90": 85.0, "mean": 76.8}, "MatMul_13": {"durList": [215, 125, 254, 63, 96], "median": 125.0, "dev": "gpu0", "st": [1583448679809002, 1583448679940994, 1583448680075552, 1583448680213409, 1583448680334475], "std_dev": 72.31763270461776, "perc_90": 238.40000000000003, "mean": 150.6}, "MatMul_12": {"durList": [64, 136, 80, 76, 113], "median": 80.0, "dev": "gpu0", "st": [1583448679810977, 1583448679942332, 1583448680078515, 1583448680215282, 1583448680336857], "std_dev": 26.62630278502819, "perc_90": 126.8, "mean": 93.8}, "MatMul_15": {"durList": [65, 74, 83, 71, 120], "median": 74.0, "dev": "gpu0", "st": [1583448679810038, 1583448679942076, 1583448680077028, 1583448680214137, 1583448680334901], "std_dev": 19.5816240388789, "perc_90": 105.20000000000002, "mean": 82.6}, "MatMul_14": {"durList": [87, 77, 131, 89, 117], "median": 89.0, "dev": "gpu0", "st": [1583448679809667, 1583448679941257, 1583448680076011, 1583448680213258, 1583448680334702], "std_dev": 20.341091416145794, "perc_90": 125.4, "mean": 100.2}, "MatMul_31": {"durList": [103, 69, 103, 79, 120], "median": 103.0, "dev": "gpu0", "st": [1583448679811003, 1583448679943265, 1583448680077754, 1583448680215339, 1583448680336128], "std_dev": 18.356470248934023, "perc_90": 113.2, "mean": 94.8}, "MatMul_30": {"durList": [101, 135, 178, 111, 153], "median": 135.0, "dev": "gpu0", "st": [1583448679808976, 1583448679940503, 1583448680075517, 1583448680212876, 1583448680334013], "std_dev": 27.939935576160515, "perc_90": 168.0, "mean": 135.6}, "MatMul_19": {"durList": [64, 94, 93, 112, 108], "median": 94.0, "dev": "gpu0", "st": [1583448679810559, 1583448679942767, 1583448680077835, 1583448680214641, 1583448680335877], "std_dev": 16.85704600456438, "perc_90": 110.4, "mean": 94.2}, "MatMul_18": {"durList": [66, 71, 108, 88, 77], "median": 77.0, "dev": "gpu0", "st": [1583448679810211, 1583448679941463, 1583448680077300, 1583448680214180, 1583448680335179], "std_dev": 14.926486525636232, "perc_90": 100.0, "mean": 82.0}, "MatMul_35": {"durList": [56, 80, 82, 85, 72], "median": 80.0, "dev": "gpu0", "st": [1583448679812335, 1583448679944368, 1583448680079159, 1583448680216544, 1583448680338142], "std_dev": 10.430723848324238, "perc_90": 83.8, "mean": 75.0}, "MatMul_1": {"durList": [62, 117, 74, 95, 70], "median": 74.0, "dev": "gpu0", "st": [1583448679811664, 1583448679943964, 1583448680080007, 1583448680216375, 1583448680337249], "std_dev": 19.945926902503178, "perc_90": 108.20000000000002, "mean": 83.6}, "MatMul_3": {"durList": [76, 115, 103, 71, 115], "median": 103.0, "dev": "gpu0", "st": [1583448679811689, 1583448679943070, 1583448680078997, 1583448680215498, 1583448680337548], "std_dev": 18.952572384771415, "perc_90": 115.0, "mean": 96.0}, "MatMul_34": {"durList": [128, 67, 91, 95, 93], "median": 93.0, "dev": "gpu0", "st": [1583448679809260, 1583448679940801, 1583448680075955, 1583448680213162, 1583448680334415], "std_dev": 19.456618411224497, "perc_90": 114.80000000000001, "mean": 94.8}, "MatMul_5": {"durList": [101, 85, 187, 139, 131], "median": 131.0, "dev": "gpu0", "st": [1583448679809604, 1583448679941311, 1583448680076423, 1583448680213728, 1583448680335455], "std_dev": 35.17726538547304, "perc_90": 167.8, "mean": 128.6}, "MatMul_4": {"durList": [83, 80, 71, 75, 79], "median": 79.0, "dev": "gpu0", "st": [1583448679811846, 1583448679943313, 1583448680078951, 1583448680215703, 1583448680337775], "std_dev": 4.17612260356422, "perc_90": 81.8, "mean": 77.6}, "MatMul_7": {"durList": [87, 82, 129, 110, 96], "median": 96.0, "dev": "gpu0", "st": [1583448679811205, 1583448679943486, 1583448680078550, 1583448680214804, 1583448680336436], "std_dev": 17.010584939971935, "perc_90": 121.4, "mean": 100.8}, "MatMul_6": {"durList": [71, 72, 84, 97, 109], "median": 84.0, "dev": "gpu0", "st": [1583448679810247, 1583448679942286, 1583448680077489, 1583448680214351, 1583448680335410], "std_dev": 14.65059725744995, "perc_90": 104.19999999999999, "mean": 86.6}, "MatMul_9": {"durList": [78, 84, 169, 71, 73], "median": 78.0, "dev": "gpu0",