{"_retval_MatMul_24_0_16": {"durList": [5, 5, 6, 4, 6], "median": 5.0, "st": [1583448679810045, 1583448679942083, 1583448680077038, 1583448680214175, 1583448680334908], "std_dev": 0.7483314773547882, "perc_90": 6.0, "mean": 5.2}, "_retval_MatMul_3_0_29": {"durList": [4, 5, 6, 6, 5], "median": 5.0, "st": [1583448679811846, 1583448679943313, 1583448680079197, 1583448680215711, 1583448680337772], "std_dev": 0.7483314773547882, "perc_90": 6.0, "mean": 5.2}, "_retval_MatMul_17_0_8": {"durList": [6, 5, 6, 5, 5], "median": 5.0, "st": [1583448679809629, 1583448679941040, 1583448680076806, 1583448680213941, 1583448680335224], "std_dev": 0.48989794855663565, "perc_90": 6.0, "mean": 5.4}, "_retval_MatMul_35_0_28": {"durList": [8, 6, 6, 6, 5], "median": 6.0, "st": [1583448679812471, 1583448679944611, 1583448680079382, 1583448680216768, 1583448680338361], "std_dev": 0.9797958971132712, "perc_90": 7.2, "mean": 6.2}, "_retval_MatMul_20_0_12": {"durList": [4, 5, 6, 6, 4], "median": 5.0, "st": [1583448679810054, 1583448679941307, 1583448680077070, 1583448680213727, 1583448680335450], "std_dev": 0.8944271909999159, "perc_90": 6.0, "mean": 5.0}, "_retval_MatMul_33_0_26": {"durList": [4, 9, 6, 5, 6], "median": 6.0, "st": [1583448679812341, 1583448679944792, 1583448680079777, 1583448680216810, 1583448680338149], "std_dev": 1.6733200530681511, "perc_90": 7.8, "mean": 6.0}, "_retval_MatMul_15_0_6": {"durList": [5, 5, 6, 5, 6], "median": 5.0, "st": [1583448679810216, 1583448679942293, 1583448680077230, 1583448680214359, 1583448680335186], "std_dev": 0.4898979485566356, "perc_90": 6.0, "mean": 5.4}, "_retval_MatMul_5_0_31": {"durList": [5, 5, 7, 5, 4], "median": 5.0, "st": [1583448679809852, 1583448679941509, 1583448680076786, 1583448680213977, 1583448680335702], "std_dev": 0.9797958971132712, "perc_90": 6.200000000000001, "mean": 5.2}, "_retval_MatMul_22_0_14": {"durList": [4, 5, 7, 5, 5], "median": 5.0, "st": [1583448679811345, 1583448679942812, 1583448680078960, 1583448680215949, 1583448680337290], "std_dev": 0.9797958971132712, "perc_90": 6.200000000000001, "mean": 5.2}, "_retval_MatMul_25_0_17": {"durList": [4, 6, 6, 5, 6], "median": 6.0, "st": [1583448679810999, 1583448679943268, 1583448680078548, 1583448680215333, 1583448680336830], "std_dev": 0.7999999999999999, "perc_90": 6.0, "mean": 5.4}, "_retval_MatMul_4_0_30": {"durList": [4, 6, 7, 6, 5], "median": 6.0, "st": [1583448679812020, 1583448679943512, 1583448680079169, 1583448680215915, 1583448680337967], "std_dev": 1.0198039027185568, "perc_90": 6.6000000000000005, "mean": 5.6}, "_retval_MatMul_30_0_23": {"durList": [9, 7, 8, 8, 9], "median": 8.0, "st": [1583448679809288, 1583448679940801, 1583448680075948, 1583448680213205, 1583448680334438], "std_dev": 0.7483314773547882, "perc_90": 9.0, "mean": 8.2}, "_retval_MatMul_27_0_19": {"durList": [5, 5, 7, 6, 7], "median": 6.0, "st": [1583448679811995, 1583448679944397, 1583448680080014, 1583448680216974, 1583448680337731], "std_dev": 0.8944271909999159, "perc_90": 7.0, "mean": 6.0}, "_retval_MatMul_6_0_32": {"durList": [5, 6, 9, 6, 6], "median": 6.0, "st": [1583448679810412, 1583448679942550, 1583448680077766, 1583448680214600, 1583448680335672], "std_dev": 1.3564659966250536, "perc_90": 7.8, "mean": 6.4}, "_retval_MatMul_2_0_22": {"durList": [4, 5, 6, 5, 6], "median": 5.0, "st": [1583448679810984, 1583448679942332, 1583448680078324, 1583448680215738, 1583448680337048], "std_dev": 0.7483314773547882, "perc_90": 6.0, "mean": 5.2}, "_retval_MatMul_0_0": {"durList": [5, 5, 6, 4, 6], "median": 5.0, "st": [1583448679810565, 1583448679941952, 1583448680077497, 1583448680214634, 1583448680336279], "std_dev": 0.7483314773547882, "perc_90": 6.0, "mean": 5.2}, "_retval_MatMul_1_0_11": {"durList": [5, 5, 10, 5, 6], "median": 5.0, "st": [1583448679811829, 1583448679944199, 1583448680080188, 1583448680216577, 1583448680337456], "std_dev": 1.9390719429665317, "perc_90": 8.4, "mean": 6.2}, "_retval_MatMul_29_0_21": {"durList": [5, 5, 7, 8, 6], "median": 6.0, "st": [1583448679812193, 1583448679944629, 1583448680079574, 1583448680217005, 1583448680337935], "std_dev": 1.16619037896906, "perc_90": 7.6, "mean": 6.2}, "_retval_MatMul_13_0_4": {"durList": [5, 6, 6, 7, 5], "median": 6.0, "st": [1583448679809424, 1583448679941263, 1583448680075995, 1583448680213632, 1583448680334699], "std_dev": 0.7483314773547882, "perc_90": 6.6000000000000005, "mean": 5.8}, "_retval_MatMul_18_0_9": {"durList": [5, 7, 6, 4, 6], "median": 6.0, "st": [1583448679810392, 1583448679941729, 1583448680077532, 1583448680214426, 1583448680335418], "std_dev": 1.0198039027185568, "perc_90": 6.6000000000000005, "mean": 5.6}, "_retval_MatMul_19_0_10": {"durList": [5, 5, 5, 5, 6], "median": 5.0, "st": [1583448679810793, 1583448679943048, 1583448680078097, 1583448680214850, 1583448680336136], "std_dev": 0.39999999999999997, "perc_90": 5.6, "mean": 5.2}, "_retval_MatMul_14_0_5": {"durList": [4, 5, 7, 5, 5], "median": 5.0, "st": [1583448679809869, 1583448679941470, 1583448680076412, 1583448680213442, 1583448680334943], "std_dev": 0.9797958971132712, "perc_90": 6.200000000000001, "mean": 5.2}, "_retval_MatMul_12_0_3": {"durList": [4, 5, 6, 6, 5], "median": 5.0, "st": [1583448679811180, 1583448679942575, 1583448680078761, 1583448680215506, 1583448680337089], "std_dev": 0.7483314773547882, "perc_90": 6.0, "mean": 5.2}, "_retval_MatMul_28_0_20": {"durList": [4, 5, 6, 6, 4], "median": 5.0, "st": [1583448679811685, 1583448679943065, 1583448680078999, 1583448680216162, 1583448680337544], "std_dev": 0.8944271909999159, "perc_90": 6.0, "mean": 5.0}, "_retval_MatMul_9_0_35": {"durList": [4, 5, 5, 5, 7], "median": 5.0, "st": [1583448679810587, 1583448679942773, 1583448680077833, 1583448680214812, 1583448680335884], "std_dev": 0.9797958971132712, "perc_90": 6.200000000000001, "mean": 5.2}, "_retval_MatMul_31_0_24": {"durList": [4, 6, 7, 5, 7], "median": 6.0, "st": [1583448679811205, 1583448679943492, 1583448680078084, 1583448680215533, 1583448680336442], "std_dev": 1.16619037896906, "perc_90": 7.0, "mean": 5.8}, "_retval_MatMul_23_0_15": {"durList": [3, 5, 6, 6, 5], "median": 5.0, "st": [1583448679812204, 1583448679943743, 1583448680079603, 1583448680216342, 1583448680338184], "std_dev": 1.0954451150103321, "perc_90": 6.0, "mean": 5.0}, "_retval_MatMul_26_0_18": {"durList": [4, 6, 5, 6, 5], "median": 5.0, "st": [1583448679811671, 1583448679944375, 1583448680079804, 1583448680216553, 1583448680338401], "std_dev": 0.7483314773547882, "perc_90": 6.0, "mean": 5.2}, "_retval_MatMul_11_0_2": {"durList": [5, 6, 6, 6, 5], "median": 6.0, "st": [1583448679811507, 1583448679944165, 1583448680079417, 1583448680216122, 1583448680337256], "std_dev": 0.4898979485566356, "perc_90": 6.0, "mean": 5.6}, "_retval_MatMul_8_0_34": {"durList": [4, 5, 6, 5, 5], "median": 5.0, "st": [1583448679810247, 1583448679941767, 1583448680077298, 1583448680214145, 1583448680335926], "std_dev": 0.6324555320336759, "perc_90": 5.6, "mean": 5.0}, "_retval_MatMul_16_0_7": {"durList": [5, 5, 7, 6, 5], "median": 5.0, "st": [1583448679809662, 1583448679940839, 1583448680076564, 1583448680213249, 1583448680334470], "std_dev": 0.7999999999999999, "perc_90": 6.6000000000000005, "mean": 5.6}, "_retval_MatMul_21_0_13": {"durList": [5, 5, 6, 5, 6], "median": 5.0, "st": [1583448679810810, 1583448679942123, 1583448680078360, 1583448680215110, 1583448680336606], "std_dev": 0.4898979485566356, "perc_90": 6.0, "mean": 5.4}, "_retval_MatMul_7_0_33": {"durList": [4, 6, 5, 5, 4], "median": 5.0, "st": [1583448679811368, 1583448679943715, 1583448680078792, 1583448680215079, 1583448680336645], "std_dev": 0.7483314773547882, "perc_90": 5.6, "mean": 4.8}, "_arg_Placeholder_0_0": {"durList": [14, 13, 18, 15, 15], "median": 15.0, "st": [1583448679808644, 1583448679940308, 1583448680075280, 1583448680212653, 1583448680333742], "std_dev": 1.6733200530681511, "perc_90": 16.799999999999997, "mean": 15.0}, "_retval_MatMul_10_0_1": {"durList": [4, 6, 7, 6, 5], "median": 6.0,