{"MatMul": {"durList": [161, 94, 86, 84, 157], "median": 94.0, "dev": "gpu0", "st": [1583454812511498, 1583454812544401, 1583454812576443, 1583454812608425, 1583454812641051], "std_dev": 34.966269460724575, "perc_90": 159.39999999999998, "mean": 116.4}}