{"_retval_MatMul_0_0": {"durList": [24, 26, 24, 25, 25], "median": 25.0, "st": [1583454812524265, 1583454812556986, 1583454812589142, 1583454812621159, 1583454812653747], "std_dev": 0.7483314773547882, "perc_90": 25.6, "mean": 24.8}, "_arg_Placeholder_0_0": {"durList": [17, 18, 17, 17, 18], "median": 17.0, "st": [1583454812507594, 1583454812540514, 1583454812572554, 1583454812604541, 1583454812637096], "std_dev": 0.4898979485566356, "perc_90": 18.0, "mean": 17.4}}