{"_retval_MatMul_0_0": {"durList": [26, 25, 22, 25, 23], "median": 25.0, "st": [1583458182303640, 1583458182336994, 1583458182369758, 1583458182402795, 1583458182435348], "std_dev": 1.4696938456699067, "perc_90": 25.6, "mean": 24.2}, "_arg_Placeholder_0_0": {"durList": [18, 18, 18, 17, 20], "median": 18.0, "st": [1583458182286963, 1583458182319957, 1583458182353161, 1583458182385832, 1583458182418562], "std_dev": 0.9797958971132712, "perc_90": 19.2, "mean": 18.2}}