{"_retval_MatMul_0_0": {"durList": [14, 15, 12, 16, 17], "median": 15.0, "st": [1583454666891287, 1583454666902342, 1583454666912542, 1583454666922883, 1583454666933135], "std_dev": 1.7204650534085253, "perc_90": 16.6, "mean": 14.8}, "_arg_Placeholder_0_0": {"durList": [18, 23, 17, 15, 19], "median": 18.0, "st": [1583454666890657, 1583454666901682, 1583454666911981, 1583454666922314, 1583454666932555], "std_dev": 2.65329983228432, "perc_90": 21.4, "mean": 18.4}}