{"MatMul": {"durList": [47, 60, 46, 49, 51], "median": 49.0, "dev": "gpu0", "st": [1583454666891007, 1583454666902081, 1583454666912292, 1583454666922602, 1583454666932866], "std_dev": 5.0039984012787215, "perc_90": 56.400000000000006, "mean": 50.6}}