{"_retval_MatMul_0_0": {"durList": [10, 9, 10, 12, 10], "median": 10.0, "st": [1583454707651003, 1583454707669104, 1583454707678947, 1583454707689177, 1583454707699370], "std_dev": 0.9797958971132713, "perc_90": 11.2, "mean": 10.2}, "_arg_Placeholder_0_0": {"durList": [16, 16, 16, 17, 17], "median": 16.0, "st": [1583454707650478, 1583454707668508, 1583454707678425, 1583454707688630, 1583454707698870], "std_dev": 0.4898979485566356, "perc_90": 17.0, "mean": 16.4}}