{"_retval_MatMul_0_0": {"durList": [18, 18, 20, 18, 21], "median": 18.0, "st": [1583454833666431, 1583454833810315, 1583454833955404, 1583454834098827, 1583454834239213], "std_dev": 1.2649110640673518, "perc_90": 20.6, "mean": 19.0}, "_arg_Placeholder_0_0": {"durList": [10, 23, 24, 25, 18], "median": 23.0, "st": [1583454833543221, 1583454833684994, 1583454833828766, 1583454833971438, 1583454834115080], "std_dev": 5.549774770204643, "perc_90": 24.6, "mean": 20.0}}