{"MatMul": {"durList": [42, 66, 32, 53, 52], "median": 52.0, "dev": "gpu0", "st": [1583454752885848, 1583454752896736, 1583454752907186, 1583454752917548, 1583454752928220], "std_dev": 11.419281938896159, "perc_90": 60.800000000000004, "mean": 49.0}}