{"_retval_MatMul_0_0": {"durList": [9, 9, 13, 13, 19], "median": 13.0, "st": [1583454752886066, 1583454752897035, 1583454752907440, 1583454752918032, 1583454752928525], "std_dev": 3.6660605559646724, "perc_90": 16.6, "mean": 12.6}, "_arg_Placeholder_0_0": {"durList": [17, 12, 19, 17, 17], "median": 17.0, "st": [1583454752885508, 1583454752896398, 1583454752906785, 1583454752917140, 1583454752927798], "std_dev": 2.3323807579381204, "perc_90": 18.200000000000003, "mean": 16.4}}