{"_retval_MatMul_0_0": {"durList": [14, 10, 10, 12, 13], "median": 12.0, "st": [1583458082566391, 1583458082576912, 1583458082587120, 1583458082597340, 1583458082607623], "std_dev": 1.5999999999999999, "perc_90": 13.600000000000001, "mean": 11.8}, "_arg_Placeholder_0_0": {"durList": [17, 15, 16, 15, 16], "median": 16.0, "st": [1583458082565856, 1583458082576399, 1583458082586617, 1583458082596837, 1583458082607114], "std_dev": 0.7483314773547882, "perc_90": 16.6, "mean": 15.8}}