{"MatMul": {"durList": [50, 48, 53, 48, 61], "median": 50.0, "dev": "gpu0", "st": [1583458082566163, 1583458082576720, 1583458082586935, 1583458082597118, 1583458082607404], "std_dev": 4.857983120596447, "perc_90": 57.800000000000004, "mean": 52.0}}