{"_retval_MatMul_0_0": {"durList": [26, 24, 24, 23, 25], "median": 24.0, "st": [1583454916391316, 1583454919245384, 1583454922100854, 1583454924948319, 1583454927812278], "std_dev": 1.019803902718557, "perc_90": 25.6, "mean": 24.4}, "_arg_Placeholder_0_0": {"durList": [21, 18, 15, 24, 22], "median": 21.0, "st": [1583454913553821, 1583454916411310, 1583454919265195, 1583454922116608, 1583454924966106], "std_dev": 3.1622776601683795, "perc_90": 23.2, "mean": 20.0}}