{"_retval_MatMul_0_0": {"durList": [23, 9, 19, 10, 14], "median": 14.0, "st": [1583454680453833, 1583454680464625, 1583454680474697, 1583454680484784, 1583454680494881], "std_dev": 5.329165037789691, "perc_90": 21.4, "mean": 15.0}, "_arg_Placeholder_0_0": {"durList": [16, 19, 8, 14, 14], "median": 14.0, "st": [1583454680453084, 1583454680464094, 1583454680474210, 1583454680484323, 1583454680494437], "std_dev": 3.6000000000000005, "perc_90": 17.8, "mean": 14.2}}