{"_retval_MatMul_0_0": {"durList": [14, 15, 13, 13, 11], "median": 13.0, "st": [1583458141077519, 1583458141088276, 1583458141098756, 1583458141109265, 1583458141126767], "std_dev": 1.32664991614216, "perc_90": 14.600000000000001, "mean": 13.2}, "_arg_Placeholder_0_0": {"durList": [18, 15, 18, 18, 18], "median": 18.0, "st": [1583458141076704, 1583458141087416, 1583458141097932, 1583458141108427, 1583458141125814], "std_dev": 1.2000000000000002, "perc_90": 18.0, "mean": 17.4}}