{"MatMul": {"durList": [115, 116, 96, 106, 117], "median": 115.0, "dev": "gpu0", "st": [1583458078019812, 1583458078031234, 1583458078041475, 1583458078051669, 1583458078061892], "std_dev": 8.024961059095553, "perc_90": 116.60000000000001, "mean": 110.0}}