{"_retval_MatMul_0_0": {"durList": [25, 25, 23, 22, 12], "median": 23.0, "st": [1583450356587297, 1583450356602580, 1583450356616960, 1583450356630506, 1583450356645459], "std_dev": 4.841487374764082, "perc_90": 25.0, "mean": 21.4}, "_arg_Placeholder_0_0": {"durList": [18, 18, 24, 18, 19], "median": 18.0, "st": [1583450356583732, 1583450356599147, 1583450356613484, 1583450356626957, 1583450356642049], "std_dev": 2.3323807579381204, "perc_90": 22.0, "mean": 19.4}}