{"MatMul": {"durList": [44, 35, 44, 44, 45], "median": 44.0, "dev": "gpu0", "st": [1583458100302432, 1583458100314161, 1583458100324473, 1583458100334894, 1583458100345262], "std_dev": 3.7202150475476548, "perc_90": 44.599999999999994, "mean": 42.4}}