{"_retval_MatMul_0_0": {"durList": [10, 9, 14, 10, 15], "median": 10.0, "st": [1583458109359740, 1583458109370446, 1583458109380698, 1583458109391003, 1583458109401473], "std_dev": 2.4166091947189146, "perc_90": 14.600000000000001, "mean": 11.6}, "_arg_Placeholder_0_0": {"durList": [17, 15, 19, 14, 23], "median": 17.0, "st": [1583458109359094, 1583458109369893, 1583458109380170, 1583458109390476, 1583458109400801], "std_dev": 3.2, "perc_90": 21.4, "mean": 17.6}}