{"MatMul": {"durList": [18, 18, 58, 66, 23], "median": 23.0, "dev": "gpu0", "st": [1583458033212730, 1583458033222090, 1583458033229889, 1583458033240097, 1583458033250288], "std_dev": 20.972362766269327, "perc_90": 62.800000000000004, "mean": 36.6}}