{"_retval_MatMul_0_0": {"durList": [20, 10, 22, 12, 10], "median": 12.0, "st": [1583454739295546, 1583454739306202, 1583454739316412, 1583454739326693, 1583454739337022], "std_dev": 5.1536394906900505, "perc_90": 21.200000000000003, "mean": 14.8}, "_arg_Placeholder_0_0": {"durList": [16, 14, 18, 17, 17], "median": 17.0, "st": [1583454739294969, 1583454739305682, 1583454739315890, 1583454739326147, 1583454739336495], "std_dev": 1.3564659966250536, "perc_90": 17.6, "mean": 16.4}}