{"_retval_MatMul_0_0": {"durList": [12, 13, 14, 16, 10], "median": 13.0, "st": [1583458042041154, 1583458042051969, 1583458042062015, 1583458042072156, 1583458042088041], "std_dev": 2.0, "perc_90": 15.2, "mean": 13.0}, "_arg_Placeholder_0_0": {"durList": [18, 18, 20, 22, 20], "median": 20.0, "st": [1583458042040703, 1583458042051565, 1583458042061575, 1583458042071621, 1583458042087515], "std_dev": 1.4966629547095767, "perc_90": 21.200000000000003, "mean": 19.6}}