{"_retval_MatMul_0_0": {"durList": [10, 15, 12, 15, 11], "median": 12.0, "st": [1583458095860656, 1583458095871069, 1583458095881204, 1583458095891370, 1583458095909007], "std_dev": 2.0591260281974, "perc_90": 15.0, "mean": 12.6}, "_arg_Placeholder_0_0": {"durList": [15, 20, 15, 21, 15], "median": 15.0, "st": [1583458095860139, 1583458095870523, 1583458095880651, 1583458095890825, 1583458095908447], "std_dev": 2.7129319932501077, "perc_90": 20.6, "mean": 17.2}}