{"_retval_MatMul_0_0": {"durList": [11, 8, 10, 10, 11], "median": 10.0, "st": [1583458197735140, 1583458197852021, 1583458197969457, 1583458198088401, 1583458198206423], "std_dev": 1.0954451150103321, "perc_90": 11.0, "mean": 10.0}, "_arg_Placeholder_0_0": {"durList": [13, 10, 13, 8, 10], "median": 10.0, "st": [1583458197625752, 1583458197743346, 1583458197859861, 1583458197978871, 1583458198096550], "std_dev": 1.9390719429665317, "perc_90": 13.0, "mean": 10.8}}