{"_retval_MatMul_0_0": {"durList": [7, 10, 10, 17, 11], "median": 10.0, "st": [1583454657847962, 1583454657858350, 1583454657868432, 1583454657878670, 1583454657888976], "std_dev": 3.286335345030997, "perc_90": 14.6, "mean": 11.0}, "_arg_Placeholder_0_0": {"durList": [8, 17, 17, 23, 18], "median": 17.0, "st": [1583454657847421, 1583454657857822, 1583454657867920, 1583454657878112, 1583454657888365], "std_dev": 4.841487374764082, "perc_90": 21.0, "mean": 16.6}}