{"_retval_MatMul_0_0": {"durList": [10, 15, 10, 15, 13], "median": 13.0, "st": [1583458064787756, 1583458064798925, 1583458064809163, 1583458064819455, 1583458064829870], "std_dev": 2.244994432064365, "perc_90": 15.0, "mean": 12.6}, "_arg_Placeholder_0_0": {"durList": [15, 20, 15, 21, 16], "median": 16.0, "st": [1583458064787174, 1583458064798415, 1583458064808616, 1583458064818893, 1583458064829177], "std_dev": 2.576819745345025, "perc_90": 20.6, "mean": 17.4}}