{"MatMul": {"durList": [44, 42, 45, 41, 43], "median": 43.0, "dev": "gpu0", "st": [1583458064787550, 1583458064798731, 1583458064808974, 1583458064819257, 1583458064829561], "std_dev": 1.4142135623730951, "perc_90": 44.599999999999994, "mean": 43.0}}