{"_retval_MatMul_0_0": {"durList": [18, 15, 10, 11, 10], "median": 11.0, "st": [1583458118287991, 1583458118298692, 1583458118308879, 1583458118319167, 1583458118335293], "std_dev": 3.1874754901018454, "perc_90": 16.799999999999997, "mean": 12.8}, "_arg_Placeholder_0_0": {"durList": [16, 16, 15, 17, 17], "median": 16.0, "st": [1583458118287336, 1583458118298074, 1583458118308305, 1583458118318525, 1583458118334754], "std_dev": 0.7483314773547882, "perc_90": 17.0, "mean": 16.2}}