{"MatMul": {"durList": [76, 113, 162, 161, 76], "median": 113.0, "dev": "gpu0", "st": [1583458192096300, 1583458192160831, 1583458192224544, 1583458192287347, 1583458192356718], "std_dev": 38.30717948374691, "perc_90": 161.60000000000002, "mean": 117.6}}