{"_retval_MatMul_0_0": {"durList": [18, 10, 15, 25, 24], "median": 18.0, "st": [1583458192132758, 1583458192199387, 1583458192262842, 1583458192326782, 1583458192394334], "std_dev": 5.607138307550474, "perc_90": 24.6, "mean": 18.4}, "_arg_Placeholder_0_0": {"durList": [15, 12, 11, 10, 18], "median": 12.0, "st": [1583458192088696, 1583458192153152, 1583458192216932, 1583458192279751, 1583458192349103], "std_dev": 2.9257477676655586, "perc_90": 16.799999999999997, "mean": 13.2}}