{"_retval_MatMul_0_0": {"durList": [14, 19, 35, 9, 10], "median": 14.0, "st": [1583454662336501, 1583454662354242, 1583454662363965, 1583454662373985, 1583454662384049], "std_dev": 9.478396488858229, "perc_90": 28.6, "mean": 17.4}, "_arg_Placeholder_0_0": {"durList": [16, 15, 15, 17, 17], "median": 16.0, "st": [1583454662335887, 1583454662353685, 1583454662363566, 1583454662373546, 1583454662383614], "std_dev": 0.8944271909999159, "perc_90": 17.0, "mean": 16.0}}