{"MatMul_3": {"durList": [41, 41, 44, 44, 42], "median": 42.0, "dev": "gpu0", "st": [1585681081150727, 1585681083246579, 1585681085345676, 1585681087719689, 1585681090075830], "std_dev": 1.3564659966250536, "perc_90": 44.0, "mean": 42.4}, "MatMul_1": {"durList": [15, 11, 11, 11, 16], "median": 11.0, "dev": "gpu0", "st": [1585681081072263, 1585681083166466, 1585681085266277, 1585681087639581, 1585681089997010], "std_dev": 2.2271057451320084, "perc_90": 15.6, "mean": 12.8}, "MatMul": {"durList": [16, 18, 15, 15, 15], "median": 15.0, "dev": "gpu0", "st": [1585681081150778, 1585681083246630, 1585681085345730, 1585681087719743, 1585681090075882], "std_dev": 1.1661903789690602, "perc_90": 17.2, "mean": 15.8}, "MatMul_2": {"durList": [13, 14, 37, 39, 37], "median": 37.0, "dev": "gpu0", "st": [1585681080452519, 1585681082546775, 1585681084636317, 1585681087007225, 1585681089365536], "std_dev": 11.865917579353061, "perc_90": 38.2, "mean": 28.0}, "MatMul_5": {"durList": [1286, 1287, 1287, 1286, 1307], "median": 1287.0, "dev": "gpu0", "st": [1585681081070969, 1585681083166485, 1585681085266296, 1585681087639601, 1585681089995695], "std_dev": 8.212186067059124, "perc_90": 1299.0, "mean": 1290.6}, "MatMul_4": {"durList": [182, 187, 181, 187, 187], "median": 187.0, "dev": "gpu0", "st": [1585681081150535, 1585681083246382, 1585681085345486, 1585681087719491, 1585681090075632], "std_dev": 2.7129319932501073, "perc_90": 187.0, "mean": 184.8}, "MatMul_7": {"durList": [78234, 78586, 77879, 78582, 78582], "median": 78582.0, "dev": "gpu0", "st": [1585681081072287, 1585681083167782, 1585681085267592, 1585681087640895, 1585681089997035], "std_dev": 281.45592905462127, "perc_90": 78584.4, "mean": 78372.6}, "MatMul_6": {"durList": [9367, 9341, 9331, 9830, 9364], "median": 9364.0, "dev": "gpu0", "st": [1585681080443149, 1585681082537432, 1585681084636455, 1585681087007366, 1585681089365709], "std_dev": 192.18178893953504, "perc_90": 9644.8, "mean": 9446.6}, "MatMul_8": {"durList": [618428, 619668, 620486, 622380, 620616], "median": 620486.0, "dev": "gpu0", "st": [1585681080452537, 1585681082546794, 1585681084645788, 1585681087017199, 1585681089375075], "std_dev": 1293.3246460189337, "perc_90": 621674.4, "mean": 620315.6}}