{"MatMul_3": {"durList": [34, 63, 32, 31, 42], "median": 34.0, "dev": "gpu0", "st": [1585681080443839, 1585681082538274, 1585681084636916, 1585681087007816, 1585681089366272], "std_dev": 11.943198901466893, "perc_90": 54.6, "mean": 40.4}, "MatMul_1": {"durList": [40, 33, 32, 31, 31], "median": 32.0, "dev": "gpu0", "st": [1585681080443555, 1585681082537804, 1585681084636608, 1585681087007512, 1585681089365994], "std_dev": 3.3823069050575523, "perc_90": 37.2, "mean": 33.4}, "MatMul": {"durList": [31, 32, 29, 31, 30], "median": 31.0, "dev": "gpu0", "st": [1585681080443936, 1585681082538440, 1585681084637012, 1585681087007912, 1585681089366376], "std_dev": 1.019803902718557, "perc_90": 31.6, "mean": 30.6}, "MatMul_2": {"durList": [48, 51, 111, 122, 178], "median": 111.0, "dev": "gpu0", "st": [1585681080443264, 1585681082537571, 1585681084636239, 1585681087007142, 1585681089365395], "std_dev": 48.526281538976384, "perc_90": 155.6, "mean": 102.0}, "MatMul_5": {"durList": [64, 83, 61, 56, 75], "median": 64.0, "dev": "gpu0", "st": [1585681080443432, 1585681082537903, 1585681084636673, 1585681087007575, 1585681089365879], "std_dev": 9.826494797230596, "perc_90": 79.8, "mean": 67.8}, "MatMul_4": {"durList": [37, 42, 34, 35, 41], "median": 37.0, "dev": "gpu0", "st": [1585681080443741, 1585681082538166, 1585681084636840, 1585681087007741, 1585681089366174], "std_dev": 3.1874754901018454, "perc_90": 41.599999999999994, "mean": 37.8}, "MatMul_7": {"durList": [35, 35, 39, 34, 39], "median": 35.0, "dev": "gpu0", "st": [1585681080443650, 1585681082538057, 1585681084636767, 1585681087007663, 1585681089366089], "std_dev": 2.154065922853802, "perc_90": 39.0, "mean": 36.4}, "MatMul_6": {"durList": [172, 177, 58, 54, 97], "median": 97.0, "dev": "gpu0", "st": [1585681080443022, 1585681082537293, 1585681084636418, 1585681087007335, 1585681089365636], "std_dev": 53.53354088793306, "perc_90": 175.0, "mean": 111.6}, "MatMul_8": {"durList": [51, 60, 54, 51, 64], "median": 54.0, "dev": "gpu0", "st": [1585681080443348, 1585681082537694, 1585681084636519, 1585681087007428, 1585681089365776], "std_dev": 5.176871642217914, "perc_90": 62.4, "mean": 56.0}}