{"_retval_MatMul_3_0_29": {"durList": [2, 3, 2, 2, 2], "median": 2.0, "st": [1585672653087062, 1585672654202742, 1585672655361136, 1585672656373333, 1585672657361576], "std_dev": 0.39999999999999997, "perc_90": 2.6, "mean": 2.2}, "_retval_Add_10_0_1": {"durList": [3, 2, 2, 2, 13], "median": 2.0, "st": [1585672652580426, 1585672653697983, 1585672654859262, 1585672655872634, 1585672656849633], "std_dev": 4.317406628984581, "perc_90": 9.0, "mean": 4.4}, "_retval_Add_11_0_2": {"durList": [2, 1, 2, 1, 2], "median": 2.0, "st": [1585672652581344, 1585672653698017, 1585672654859307, 1585672655872668, 1585672656850605], "std_dev": 0.4898979485566356, "perc_90": 2.0, "mean": 1.6}, "_arg_Placeholder_12_0_3": {"durList": [3, 3, 3, 2, 3], "median": 3.0, "st": [1585672652241913, 1585672653268110, 1585672654384715, 1585672655539460, 1585672656513725], "std_dev": 0.39999999999999997, "perc_90": 3.0, "mean": 2.8}, "_retval_Add_13_0_4": {"durList": [3, 3, 4, 3, 3], "median": 3.0, "st": [1585672652581569, 1585672653697855, 1585672654860421, 1585672655872605, 1585672656850846], "std_dev": 0.39999999999999997, "perc_90": 3.6, "mean": 3.2}, "_retval_Add_5_0_13": {"durList": [4, 4, 4, 3, 4], "median": 4.0, "st": [1585672653083571, 1585672654199308, 1585672655357692, 1585672656369880, 1585672657358084], "std_dev": 0.39999999999999997, "perc_90": 4.0, "mean": 3.8}, "_arg_Placeholder_11_0_2": {"durList": [3, 3, 3, 3, 2], "median": 3.0, "st": [1585672652241933, 1585672653268130, 1585672654384731, 1585672655539476, 1585672656513743], "std_dev": 0.39999999999999997, "perc_90": 3.0, "mean": 2.8}, "_retval_MatMul_2_0_28": {"durList": [2, 2, 2, 2, 2], "median": 2.0, "st": [1585672653082701, 1585672654198437, 1585672655307546, 1585672656369025, 1585672657357175], "std_dev": 0.0, "perc_90": 2.0, "mean": 2.0}, "_arg_Placeholder_14_0_5": {"durList": [2, 3, 2, 3, 2], "median": 2.0, "st": [1585672652241938, 1585672653268135, 1585672654384736, 1585672655539480, 1585672656513747], "std_dev": 0.4898979485566356, "perc_90": 3.0, "mean": 2.4}, "_retval_MatMul_6_0_32": {"durList": [3, 2, 2, 2, 2], "median": 2.0, "st": [1585672653086985, 1585672654202662, 1585672655361061, 1585672656373257, 1585672657361495], "std_dev": 0.39999999999999997, "perc_90": 2.6, "mean": 2.2}, "_retval_Add_1_0_9": {"durList": [2, 2, 2, 2, 2], "median": 2.0, "st": [1585672653087353, 1585672654203028, 1585672655361414, 1585672656373621, 1585672657361896], "std_dev": 0.0, "perc_90": 2.0, "mean": 2.0}, "_arg_Placeholder_16_0_7": {"durList": [2, 2, 2, 3, 2], "median": 2.0, "st": [1585672652241872, 1585672653268070, 1585672654384680, 1585672655539423, 1585672656513689], "std_dev": 0.39999999999999997, "perc_90": 2.6, "mean": 2.2}, "Add_1": {"durList": [11, 9, 13, 13, 17], "median": 13.0, "st": [1585672653087340, 1585672654203016, 1585672655361399, 1585672656373606, 1585672657361872], "std_dev": 2.65329983228432, "perc_90": 15.4, "mean": 12.6}, "_arg_Placeholder_5_0_13": {"durList": [3, 3, 3, 3, 2], "median": 3.0, "st": [1585672652241908, 1585672653268106, 1585672654384711, 1585672655539455, 1585672656513722], "std_dev": 0.39999999999999997, "perc_90": 3.0, "mean": 2.8}, "_retval_MatMul_14_0_23": {"durList": [2, 2, 2, 3, 3], "median": 2.0, "st": [1585672652581310, 1585672653697625, 1585672654860192, 1585672655872372, 1585672656850567], "std_dev": 0.4898979485566356, "perc_90": 3.0, "mean": 2.4}, "_retval_MatMul_10_0_19": {"durList": [3, 2, 3, 3, 3], "median": 3.0, "st": [1585672652580442, 1585672653697988, 1585672654859277, 1585672655872638, 1585672656849650], "std_dev": 0.39999999999999997, "perc_90": 3.0, "mean": 2.8}, "Add_2": {"durList": [32, 35, 45, 33, 41], "median": 35.0, "st": [1585672653082663, 1585672654198395, 1585672655307494, 1585672656368986, 1585672657357120], "std_dev": 4.995998398718719, "perc_90": 43.4, "mean": 37.2}, "_retval_MatMul_17_0_26": {"durList": [2, 2, 3, 2, 2], "median": 2.0, "st": [1585672652782030, 1585672653899209, 1585672655058270, 1585672656070355, 1585672657056546], "std_dev": 0.39999999999999997, "perc_90": 2.6, "mean": 2.2}, "_retval_Add_14_0_5": {"durList": [4, 4, 3, 5, 4], "median": 4.0, "st": [1585672652581302, 1585672653697617, 1585672654860184, 1585672655872363, 1585672656850559], "std_dev": 0.6324555320336759, "perc_90": 4.6, "mean": 4.0}, "_retval_MatMul_5_0_31": {"durList": [2, 3, 2, 2, 2], "median": 2.0, "st": [1585672653083579, 1585672654199323, 1585672655357700, 1585672656369888, 1585672657358093], "std_dev": 0.39999999999999997, "perc_90": 2.6, "mean": 2.2}, "_retval_Add_12_0_3": {"durList": [3, 2, 2, 2, 2], "median": 2.0, "st": [1585672652581646, 1585672653697935, 1585672654860503, 1585672655872742, 1585672656850951], "std_dev": 0.39999999999999997, "perc_90": 2.6, "mean": 2.2}, "_retval_Add_15_0_6": {"durList": [4, 4, 3, 4, 4], "median": 4.0, "st": [1585672652834701, 1585672653951816, 1585672655110875, 1585672656122753, 1585672657109459], "std_dev": 0.39999999999999997, "perc_90": 4.0, "mean": 3.8}, "Add_3": {"durList": [63, 63, 62, 63, 65], "median": 63.0, "st": [1585672653086990, 1585672654202666, 1585672655361065, 1585672656373261, 1585672657361503], "std_dev": 0.9797958971132712, "perc_90": 64.2, "mean": 63.2}, "_retval_MatMul_15_0_24": {"durList": [2, 2, 3, 3, 2], "median": 2.0, "st": [1585672652834710, 1585672653951824, 1585672655110882, 1585672656122761, 1585672657109467], "std_dev": 0.4898979485566356, "perc_90": 3.0, "mean": 2.4}, "Add_5": {"durList": [857, 859, 862, 842, 889], "median": 859.0, "st": [1585672653082705, 1585672654198441, 1585672655356821, 1585672656369029, 1585672657357181], "std_dev": 15.249918032566601, "perc_90": 878.2, "mean": 861.8}, "_arg_Placeholder_13_0_4": {"durList": [3, 3, 2, 2, 2], "median": 2.0, "st": [1585672652241918, 1585672653268115, 1585672654384719, 1585672655539464, 1585672656513730], "std_dev": 0.4898979485566356, "perc_90": 3.0, "mean": 2.4}, "_retval_Add_16_0_7": {"durList": [8, 7, 7, 7, 7], "median": 7.0, "st": [1585672652831358, 1585672653948441, 1585672655107513, 1585672656119429, 1585672657106111], "std_dev": 0.39999999999999997, "perc_90": 7.6, "mean": 7.2}, "Add_6": {"durList": [3384, 3318, 3340, 3346, 3376], "median": 3346.0, "st": [1585672653083584, 1585672654199328, 1585672655357704, 1585672656369892, 1585672657358102], "std_dev": 24.219000805152966, "perc_90": 3380.8, "mean": 3352.8}, "_arg_Placeholder_2_0_10": {"durList": [3, 3, 2, 3, 3], "median": 3.0, "st": [1585672652241867, 1585672653268065, 1585672654384676, 1585672655539419, 1585672656513684], "std_dev": 0.39999999999999997, "perc_90": 3.0, "mean": 2.8}, "Add_8": {"durList": [198511, 197312, 196563, 196994, 198186], "median": 197312.0, "st": [1585672652834714, 1585672653951835, 1585672655110887, 1585672656122768, 1585672657109472], "std_dev": 729.5470923799231, "perc_90": 198381.0, "mean": 197513.2}, "_arg_Placeholder_9_0_17": {"durList": [3, 3, 3, 3, 3], "median": 3.0, "st": [1585672652241903, 1585672653268102, 1585672654384707, 1585672655539451, 1585672656513717], "std_dev": 0.0, "perc_90": 3.0, "mean": 3.0}, "_retval_Add_2_0_10": {"durList": [2, 2, 2, 1, 2], "median": 2.0, "st": [1585672653082697, 1585672654198433, 1585672655307542, 1585672656369022, 1585672657357169], "std_dev": 0.4, "perc_90": 2.0, "mean": 1.8}, "_retval_MatMul_9_0_35": {"durList": [2, 2, 2, 2, 2], "median": 2.0, "st": [1585672652581674, 1585672653697961, 1585672654860532, 1585672655872767, 1585672656850879], "std_dev": 0.0, "perc_90": 2.0, "mean": 2.0}, "_retval_Add_7_0_15": {"durList": [8, 8, 8, 7, 8], "median": 8.0, "st": [1585672653082645, 1585672654198377, 1585672655356804, 1585672656368970, 1585672657357098], "std_dev": 0.39999999999999997, "perc_90": 8.0, "mean": 7.8}, "_retval_MatMul_0_18": {"durList": [2, 2, 2, 2, 3], "median": 2.0, "st": [1585672653087335, 1585672654203012, 1585672655361159, 1585672656373601, 1585672657361864], "std_dev": 0.39999999999999997, "perc_90": 2.6, "mean": 2.2}, "_retval_MatMul_1_0_27": {"durList": [8, 6, 7, 7, 6], "median": 7.0,