{"MatMul_1": {"durList": [41, 23, 23, 23, 33], "median": 23.0, "dev": "gpu0", "st": [1585672652477533, 1585672653597706, 1585672654756284, 1585672655768557, 1585672656745141], "std_dev": 7.310266752998826, "perc_90": 37.800000000000004, "mean": 28.6}, "MatMul_7": {"durList": [36, 40, 41, 37, 42], "median": 40.0, "dev": "gpu0", "st": [1585672652477027, 1585672653597219, 1585672654755844, 1585672655768061, 1585672656744597], "std_dev": 2.315167380558045, "perc_90": 41.599999999999994, "mean": 39.2}, "MatMul_2": {"durList": [37, 36, 33, 34, 38], "median": 36.0, "dev": "gpu0", "st": [1585672652477095, 1585672653597291, 1585672654755779, 1585672655768131, 1585672656744678], "std_dev": 1.8547236990991407, "perc_90": 37.6, "mean": 35.6}, "MatMul_3": {"durList": [30, 30, 29, 30, 31], "median": 30.0, "dev": "gpu0", "st": [1585672652477335, 1585672653597508, 1585672654756076, 1585672655768368, 1585672656744912], "std_dev": 0.6324555320336759, "perc_90": 30.599999999999998, "mean": 30.0}, "MatMul_6": {"durList": [38, 40, 40, 38, 44], "median": 40.0, "dev": "gpu0", "st": [1585672652477239, 1585672653597432, 1585672654755998, 1585672655768276, 1585672656744832], "std_dev": 2.1908902300206643, "perc_90": 42.400000000000006, "mean": 40.0}, "MatMul": {"durList": [37, 32, 40, 33, 63], "median": 37.0, "dev": "gpu0", "st": [1585672652477466, 1585672653597637, 1585672654756139, 1585672655768494, 1585672656745048], "std_dev": 11.366617790706258, "perc_90": 53.8, "mean": 41.0}, "MatMul_11": {"durList": [34, 36, 41, 30, 37], "median": 36.0, "dev": "gpu2", "st": [1585672652372035, 1585672653491346, 1585672654654809, 1585672655667566, 1585672656642994], "std_dev": 3.6110940170535577, "perc_90": 39.400000000000006, "mean": 35.6}, "MatMul_10": {"durList": [40, 36, 35, 35, 90], "median": 36.0, "dev": "gpu2", "st": [1585672652371964, 1585672653491217, 1585672654654883, 1585672655667500, 1585672656642715], "std_dev": 21.479292353334177, "perc_90": 70.0, "mean": 47.2}, "MatMul_13": {"durList": [34, 35, 37, 33, 31], "median": 34.0, "dev": "gpu2", "st": [1585672652372100, 1585672653491418, 1585672654654949, 1585672655667628, 1585672656643063], "std_dev": 2.0, "perc_90": 36.2, "mean": 34.0}, "MatMul_12": {"durList": [31, 30, 26, 29, 29], "median": 29.0, "dev": "gpu2", "st": [1585672652372172, 1585672653491489, 1585672654655026, 1585672655667720, 1585672656643143], "std_dev": 1.6733200530681511, "perc_90": 30.599999999999998, "mean": 29.0}, "MatMul_15": {"durList": [61, 67, 53, 60, 57], "median": 60.0, "dev": "gpu2", "st": [1585672652372503, 1585672653491830, 1585672654655332, 1585672655668039, 1585672656643451], "std_dev": 4.63033476111609, "perc_90": 64.6, "mean": 59.6}, "MatMul_4": {"durList": [34, 38, 30, 32, 32], "median": 32.0, "dev": "gpu0", "st": [1585672652477398, 1585672653597568, 1585672654756208, 1585672655768430, 1585672656744982], "std_dev": 2.7129319932501073, "perc_90": 36.400000000000006, "mean": 33.2}, "MatMul_17": {"durList": [45, 36, 46, 43, 41], "median": 43.0, "dev": "gpu2", "st": [1585672652372325, 1585672653491626, 1585672654655161, 1585672655667850, 1585672656643284], "std_dev": 3.54400902933387, "perc_90": 45.6, "mean": 42.2}, "MatMul_16": {"durList": [49, 38, 41, 35, 41], "median": 41.0, "dev": "gpu2", "st": [1585672652372416, 1585672653491740, 1585672654655257, 1585672655667939, 1585672656643362], "std_dev": 4.664761515876241, "perc_90": 45.8, "mean": 40.8}, "MatMul_9": {"durList": [60, 38, 51, 42, 38], "median": 42.0, "dev": "gpu2", "st": [1585672652372236, 1585672653491552, 1585672654655080, 1585672655667780, 1585672656643210], "std_dev": 8.541662601625049, "perc_90": 56.400000000000006, "mean": 45.8}, "MatMul_5": {"durList": [41, 39, 45, 37, 42], "median": 41.0, "dev": "gpu0", "st": [1585672652477164, 1585672653597361, 1585672654755920, 1585672655768197, 1585672656744754], "std_dev": 2.7129319932501073, "perc_90": 43.8, "mean": 40.8}, "MatMul_8": {"durList": [61, 102, 78, 66, 67], "median": 67.0, "dev": "gpu0", "st": [1585672652476900, 1585672653597039, 1585672654755629, 1585672655767928, 1585672656744463], "std_dev": 14.688771221582831, "perc_90": 92.4, "mean": 74.8}, "MatMul_14": {"durList": [125, 127, 158, 129, 51], "median": 127.0, "dev": "gpu2", "st": [1585672652371776, 1585672653491025, 1585672654654585, 1585672655667309, 1585672656642870], "std_dev": 35.608987629529715, "perc_90": 146.4, "mean": 118.0}}