{"MatMul_11": {"durList": [12, 18, 10, 12, 11], "median": 12.0, "dev": "gpu2", "st": [1585672652372093, 1585672653491373, 1585672654654898, 1585672655667609, 1585672656643089], "std_dev": 2.8000000000000003, "perc_90": 15.6, "mean": 12.6}, "MatMul_17": {"durList": [77677, 76931, 73540, 73176, 74276], "median": 74276.0, "dev": "gpu2", "st": [1585672652372372, 1585672653491656, 1585672654655199, 1585672655667882, 1585672656643320], "std_dev": 1833.3489575091808, "perc_90": 77378.6, "mean": 75120.0}, "MatMul_12": {"durList": [17, 18, 17, 17, 17], "median": 17.0, "dev": "gpu2", "st": [1585672652372208, 1585672653491511, 1585672654655049, 1585672655667746, 1585672656643167], "std_dev": 0.39999999999999997, "perc_90": 17.6, "mean": 17.2}, "MatMul_13": {"durList": [39, 40, 38, 38, 34], "median": 38.0, "dev": "gpu2", "st": [1585672652372138, 1585672653491448, 1585672654654979, 1585672655667656, 1585672656643105], "std_dev": 2.0396078054371136, "perc_90": 39.6, "mean": 37.8}, "MatMul_16": {"durList": [9866, 9921, 9764, 9796, 9921], "median": 9866.0, "dev": "gpu2", "st": [1585672652450051, 1585672653568590, 1585672654728741, 1585672655741061, 1585672656717598], "std_dev": 64.16416445337693, "perc_90": 9921.0, "mean": 9853.6}, "MatMul_3": {"durList": [23, 20, 20, 19, 23], "median": 20.0, "dev": "gpu0", "st": [1585672652564367, 1585672653680571, 1585672654843194, 1585672655855409, 1585672656833829], "std_dev": 1.6733200530681511, "perc_90": 23.0, "mean": 21.0}, "MatMul_1": {"durList": [15, 17, 18, 17, 15], "median": 17.0, "dev": "gpu0", "st": [1585672652564482, 1585672653680684, 1585672654843308, 1585672655855525, 1585672656833946], "std_dev": 1.2000000000000002, "perc_90": 17.6, "mean": 16.4}, "MatMul_10": {"durList": [9, 8, 12, 10, 28], "median": 10.0, "dev": "gpu2", "st": [1585672652372079, 1585672653491319, 1585672654654913, 1585672655667595, 1585672656642777], "std_dev": 7.418894796396563, "perc_90": 21.6, "mean": 13.4}, "MatMul": {"durList": [17, 16, 16, 16, 17], "median": 16.0, "dev": "gpu0", "st": [1585672652564456, 1585672653680657, 1585672654843229, 1585672655855498, 1585672656833919], "std_dev": 0.4898979485566356, "perc_90": 17.0, "mean": 16.4}, "MatMul_2": {"durList": [19, 16, 11, 19, 19], "median": 19.0, "dev": "gpu0", "st": [1585672652562880, 1585672653679075, 1585672654831890, 1585672655853921, 1585672656832310], "std_dev": 3.1240998703626617, "perc_90": 19.0, "mean": 16.8}, "MatMul_5": {"durList": [179, 183, 181, 181, 185], "median": 181.0, "dev": "gpu0", "st": [1585672652562914, 1585672653679106, 1585672654841737, 1585672655853955, 1585672656832344], "std_dev": 2.039607805437114, "perc_90": 184.2, "mean": 181.8}, "MatMul_14": {"durList": [201, 207, 213, 186, 177], "median": 201.0, "dev": "gpu2", "st": [1585672652371875, 1585672653491110, 1585672654654683, 1585672655667407, 1585672656642910], "std_dev": 13.362634470792052, "perc_90": 210.60000000000002, "mean": 196.8}, "MatMul_7": {"durList": [9808, 9662, 9817, 9802, 10016], "median": 9808.0, "dev": "gpu0", "st": [1585672652553063, 1585672653669403, 1585672654831905, 1585672655844109, 1585672656822285], "std_dev": 113.00619452047751, "perc_90": 9936.400000000001, "mean": 9821.0}, "MatMul_6": {"durList": [1249, 1258, 1251, 1248, 1276], "median": 1251.0, "dev": "gpu0", "st": [1585672652563108, 1585672653679304, 1585672654841933, 1585672655854150, 1585672656832544], "std_dev": 10.403845442911962, "perc_90": 1268.8, "mean": 1256.4}, "MatMul_9": {"durList": [29, 14, 13, 14, 15], "median": 14.0, "dev": "gpu2", "st": [1585672652372283, 1585672653491586, 1585672654655116, 1585672655667817, 1585672656643243], "std_dev": 6.0332412515993425, "perc_90": 23.4, "mean": 17.0}, "MatMul_15": {"durList": [1263, 1264, 1265, 1279, 1262], "median": 1264.0, "dev": "gpu2", "st": [1585672652459933, 1585672653578526, 1585672654738521, 1585672655750871, 1585672656727534], "std_dev": 6.280127387243033, "perc_90": 1273.4, "mean": 1266.6}, "MatMul_8": {"durList": [76111, 72250, 76192, 76112, 77755], "median": 76112.0, "dev": "gpu0", "st": [1585672652476949, 1585672653597150, 1585672654755695, 1585672655767993, 1585672656744526], "std_dev": 1827.8388331578908, "perc_90": 77129.8, "mean": 75684.0}, "MatMul_4": {"durList": [42, 42, 45, 44, 43], "median": 43.0, "dev": "gpu0", "st": [1585672652564398, 1585672653680601, 1585672654843254, 1585672655855439, 1585672656833861], "std_dev": 1.16619037896906, "perc_90": 44.599999999999994, "mean": 43.2}}