{"_retval_MatMul_6_0_15": {"durList": [3, 5, 2, 3, 2], "median": 3.0, "st": [1585681081224755, 1585681083321196, 1585681085421739, 1585681087792777, 1585681090148338], "std_dev": 1.0954451150103321, "perc_90": 4.2, "mean": 3.0}, "_arg_Placeholder_5_0_5": {"durList": [3, 3, 16, 3, 4], "median": 3.0, "st": [1585681080253106, 1585681082354085, 1585681084455244, 1585681086549461, 1585681088924338], "std_dev": 5.1146847410177685, "perc_90": 11.200000000000001, "mean": 5.8}, "_retval_Add_8_0_8": {"durList": [9, 13, 8, 8, 13], "median": 9.0, "st": [1585681082008528, 1585681084104091, 1585681086208057, 1585681088577685, 1585681090930952], "std_dev": 2.3151673805580453, "perc_90": 13.0, "mean": 10.2}, "Add": {"durList": [15, 23, 22, 27, 26], "median": 23.0, "st": [1585681082206815, 1585681084311892, 1585681086406758, 1585681088777052, 1585681091130153], "std_dev": 4.223742416388575, "perc_90": 26.6, "mean": 22.6}, "_retval_MatMul_4_0_13": {"durList": [2, 3, 2, 2, 2], "median": 2.0, "st": [1585681082206545, 1585681084311204, 1585681086406486, 1585681088776782, 1585681091129872], "std_dev": 0.39999999999999997, "perc_90": 2.6, "mean": 2.2}, "_arg_Placeholder_4_0_4": {"durList": [4, 3, 4, 2, 3], "median": 3.0, "st": [1585681080253086, 1585681082354064, 1585681084455220, 1585681086549444, 1585681088924321], "std_dev": 0.7483314773547882, "perc_90": 4.0, "mean": 3.2}, "_retval_Add_4_0_4": {"durList": [3, 4, 3, 3, 3], "median": 3.0, "st": [1585681082206538, 1585681084311196, 1585681086406474, 1585681088776775, 1585681091129863], "std_dev": 0.39999999999999997, "perc_90": 3.6, "mean": 3.2}, "_retval_MatMul_5_0_14": {"durList": [3, 5, 2, 2, 2], "median": 2.0, "st": [1585681082012013, 1585681084113556, 1585681086211624, 1585681088581194, 1585681090934442], "std_dev": 1.16619037896906, "perc_90": 4.2, "mean": 2.8}, "_retval_MatMul_0_9": {"durList": [6, 14, 7, 5, 7], "median": 7.0, "st": [1585681082206837, 1585681084311941, 1585681086406788, 1585681088777087, 1585681091130193], "std_dev": 3.1874754901018454, "perc_90": 11.200000000000001, "mean": 7.8}, "_retval_MatMul_2_0_11": {"durList": [2, 5, 3, 3, 3], "median": 3.0, "st": [1585681081224843, 1585681083321451, 1585681085370050, 1585681087743336, 1585681090099489], "std_dev": 0.9797958971132712, "perc_90": 4.2, "mean": 3.2}, "_retval_MatMul_1_0_10": {"durList": [2, 2, 2, 3, 3], "median": 2.0, "st": [1585681082012055, 1585681084104197, 1585681086208159, 1585681088577750, 1585681090934515], "std_dev": 0.4898979485566356, "perc_90": 3.0, "mean": 2.4}, "_retval_Add_7_0_7": {"durList": [7, 8, 7, 7, 7], "median": 7.0, "st": [1585681082205637, 1585681084308735, 1585681086405563, 1585681088775860, 1585681091128942], "std_dev": 0.39999999999999997, "perc_90": 7.6, "mean": 7.2}, "Add_1": {"durList": [28, 41, 70, 36, 52], "median": 41.0, "st": [1585681082012019, 1585681084104134, 1585681086208078, 1585681088577705, 1585681090934450], "std_dev": 14.554724318928201, "perc_90": 62.800000000000004, "mean": 45.4}, "Add_3": {"durList": [249, 637, 247, 244, 244], "median": 247.0, "st": [1585681082206550, 1585681084311219, 1585681086406491, 1585681088776788, 1585681091129883], "std_dev": 156.41150852798523, "perc_90": 481.8, "mean": 324.2}, "Add_2": {"durList": [71, 193, 110, 104, 116], "median": 110.0, "st": [1585681081224761, 1585681083321215, 1585681085369917, 1585681087743213, 1585681090099355], "std_dev": 40.236302016959755, "perc_90": 162.2, "mean": 118.8}, "Add_5": {"durList": [3450, 9330, 3437, 3420, 3432], "median": 3437.0, "st": [1585681082008547, 1585681084104207, 1585681086208164, 1585681088577755, 1585681090930985], "std_dev": 2358.1196237680565, "perc_90": 6978.000000000001, "mean": 4613.8}, "Add_4": {"durList": [878, 2416, 884, 886, 890], "median": 886.0, "st": [1585681082205654, 1585681084308772, 1585681086405582, 1585681088775880, 1585681091128965], "std_dev": 612.6122427767829, "perc_90": 1805.6000000000001, "mean": 1190.8}, "Add_7": {"durList": [193558, 195150, 193911, 194641, 194399], "median": 194399.0, "st": [1585681082012059, 1585681084113564, 1585681086211629, 1585681088581199, 1585681090934522], "std_dev": 555.9515806255073, "perc_90": 194946.4, "mean": 194331.8}, "Add_6": {"durList": [50137, 50874, 51640, 49397, 48810], "median": 50137.0, "st": [1585681081174580, 1585681083270220, 1585681085370057, 1585681087743343, 1585681090099495], "std_dev": 1010.4178541573777, "perc_90": 51333.6, "mean": 50171.6}, "Add_8": {"durList": [783657, 782595, 786287, 784879, 782567], "median": 783657.0, "st": [1585681081224848, 1585681083321466, 1585681085421745, 1585681087792784, 1585681090148344], "std_dev": 1424.6492901763577, "perc_90": 785723.8, "mean": 783997.0}, "_retval_Add_6_0_6": {"durList": [9, 24, 7, 9, 7], "median": 9.0, "st": [1585681081224740, 1585681083321153, 1585681085421723, 1585681087792762, 1585681090148325], "std_dev": 6.462197768561405, "perc_90": 18.0, "mean": 11.2}, "_retval_MatMul_8_0_17": {"durList": [3, 5, 3, 2, 2], "median": 3.0, "st": [1585681082008541, 1585681084104111, 1585681086208072, 1585681088577700, 1585681090930978], "std_dev": 1.0954451150103321, "perc_90": 4.2, "mean": 3.0}, "_arg_Placeholder_6_0_6": {"durList": [3, 2, 3, 3, 3], "median": 3.0, "st": [1585681080253125, 1585681082354103, 1585681084455275, 1585681086549477, 1585681088924356], "std_dev": 0.39999999999999997, "perc_90": 3.0, "mean": 2.8}, "_arg_Placeholder_3_0_3": {"durList": [5, 5, 4, 4, 3], "median": 4.0, "st": [1585681080253079, 1585681082354056, 1585681084455213, 1585681086549438, 1585681088924315], "std_dev": 0.7483314773547882, "perc_90": 5.0, "mean": 4.2}, "_arg_Placeholder_7_0_7": {"durList": [4, 5, 5, 3, 3], "median": 4.0, "st": [1585681080253093, 1585681082354070, 1585681084455227, 1585681086549449, 1585681088924327], "std_dev": 0.8944271909999159, "perc_90": 5.0, "mean": 4.0}, "_retval_Add_3_0_3": {"durList": [3, 2, 2, 4, 3], "median": 3.0, "st": [1585681082206803, 1585681084311863, 1585681086406744, 1585681088777038, 1585681091130137], "std_dev": 0.7483314773547882, "perc_90": 3.6, "mean": 2.8}, "_retval_MatMul_3_0_12": {"durList": [2, 3, 3, 3, 2], "median": 3.0, "st": [1585681082206811, 1585681084311870, 1585681086406752, 1585681088777046, 1585681091130146], "std_dev": 0.4898979485566356, "perc_90": 3.0, "mean": 2.6}, "_retval_Add_2_0_2": {"durList": [2, 5, 4, 4, 4], "median": 4.0, "st": [1585681081224838, 1585681083321437, 1585681085370039, 1585681087743328, 1585681090099481], "std_dev": 0.9797958971132712, "perc_90": 4.6, "mean": 3.8}, "_arg_Placeholder_2_0_2": {"durList": [5, 3, 3, 2, 3], "median": 3.0, "st": [1585681080253116, 1585681082354097, 1585681084455269, 1585681086549472, 1585681088924350], "std_dev": 0.9797958971132712, "perc_90": 4.2, "mean": 3.2}, "_arg_Placeholder_1_0_1": {"durList": [4, 5, 5, 3, 4], "median": 4.0, "st": [1585681080253100, 1585681082354078, 1585681084455234, 1585681086549455, 1585681088924332], "std_dev": 0.7483314773547882, "perc_90": 5.0, "mean": 4.2}, "_retval_Add_5_0_5": {"durList": [3, 4, 3, 4, 4], "median": 4.0, "st": [1585681082012005, 1585681084113547, 1585681086211615, 1585681088581184, 1585681090934431], "std_dev": 0.4898979485566356, "perc_90": 4.0, "mean": 3.6}, "_retval_Add_1_0_1": {"durList": [2, 4, 2, 2, 2], "median": 2.0, "st": [1585681082012050, 1585681084104188, 1585681086208153, 1585681088577745, 1585681090934510], "std_dev": 0.8000000000000002, "perc_90": 3.2, "mean": 2.4}, "_retval_MatMul_7_0_16": {"durList": [2, 3, 2, 3, 2], "median": 2.0, "st": [1585681082205650, 1585681084308748, 1585681086405576, 1585681088775873, 1585681091128956], "std_dev": 0.4898979485566356, "perc_90": 3.0, "mean": 2.4}, "_arg_Placeholder_0_0": {"durList": [14, 13, 14, 9, 10], "median": 13.0, "st": [1585681080253062, 1585681082354039, 1585681084455196, 1585681086549427, 1585681088924302], "std_dev": 2.0976176963403033, "perc_90": 14.0, "mean": 12.0}, "_arg_Placeholder_8_0_8": {"durList": [3, 4, 4, 3, 4], "median": 4.0,