{"_retval_MatMul_0_0": {"durList": [10, 13, 12, 11, 12], "median": 12.0, "st": [1583454730345588, 1583454730356382, 1583454730366614, 1583454730376874, 1583454730387168], "std_dev": 1.0198039027185568, "perc_90": 12.6, "mean": 11.6}, "_arg_Placeholder_0_0": {"durList": [18, 28, 15, 15, 17], "median": 17.0, "st": [1583454730345028, 1583454730355832, 1583454730366104, 1583454730376360, 1583454730386649], "std_dev": 4.841487374764082, "perc_90": 24.000000000000004, "mean": 18.6}}