{"_retval_MatMul_0_0": {"durList": [12, 19, 13, 10, 14], "median": 13.0, "st": [1583454757288563, 1583454757299035, 1583454757309244, 1583454757319391, 1583454757329762], "std_dev": 3.0066592756745822, "perc_90": 17.0, "mean": 13.6}, "_arg_Placeholder_0_0": {"durList": [11, 17, 15, 17, 17], "median": 17.0, "st": [1583454757288094, 1583454757298471, 1583454757308664, 1583454757318855, 1583454757329055], "std_dev": 2.33238075793812, "perc_90": 17.0, "mean": 15.4}}