{"_retval_MatMul_0_0": {"durList": [8, 7, 7, 7, 7], "median": 7.0, "st": [1583458069217993, 1583458069229194, 1583458069239385, 1583458069249511, 1583458069259700], "std_dev": 0.39999999999999997, "perc_90": 7.6, "mean": 7.2}, "_arg_Placeholder_0_0": {"durList": [16, 16, 15, 16, 16], "median": 16.0, "st": [1583458069217454, 1583458069228646, 1583458069238837, 1583458069248950, 1583458069259141], "std_dev": 0.39999999999999997, "perc_90": 16.0, "mean": 15.8}}