{"MatMul": {"durList": [37, 40, 44, 44, 45], "median": 44.0, "dev": "gpu0", "st": [1583458069217832, 1583458069229020, 1583458069239193, 1583458069249320, 1583458069259506], "std_dev": 3.03315017762062, "perc_90": 44.599999999999994, "mean": 42.0}}