{"_retval_MatMul_0_0": {"durList": [15, 12, 16, 12, 12], "median": 12.0, "st": [1583458131927511, 1583458131938915, 1583458131949229, 1583458131959746, 1583458131970176], "std_dev": 1.7435595774162693, "perc_90": 15.6, "mean": 13.4}, "_arg_Placeholder_0_0": {"durList": [24, 21, 20, 18, 19], "median": 20.0, "st": [1583458131926910, 1583458131938121, 1583458131948560, 1583458131958930, 1583458131969385], "std_dev": 2.0591260281974, "perc_90": 22.8, "mean": 20.4}}