{"_retval_MatMul_0_0": {"durList": [12, 12, 9, 10, 22], "median": 12.0, "st": [1583454721234694, 1583454721251085, 1583454721260921, 1583454721271085, 1583454721281269], "std_dev": 4.6475800154489, "perc_90": 18.0, "mean": 13.0}, "_arg_Placeholder_0_0": {"durList": [16, 20, 22, 20, 39], "median": 20.0, "st": [1583454721234126, 1583454721250490, 1583454721260427, 1583454721270548, 1583454721280733], "std_dev": 8.039900496896712, "perc_90": 32.2, "mean": 23.4}}