{"_retval_MatMul_0_0": {"durList": [17, 11, 13, 12, 26], "median": 13.0, "st": [1583458127488128, 1583458127498820, 1583458127509238, 1583458127519671, 1583458127530202], "std_dev": 5.491812087098393, "perc_90": 22.4, "mean": 15.8}, "_arg_Placeholder_0_0": {"durList": [17, 16, 16, 16, 23], "median": 16.0, "st": [1583458127487505, 1583458127498104, 1583458127508560, 1583458127518960, 1583458127529392], "std_dev": 2.727636339397171, "perc_90": 20.6, "mean": 17.6}}