{"_retval_MatMul_0_0": {"durList": [10, 9, 13, 13, 13], "median": 13.0, "st": [1583458086901468, 1583458086912238, 1583458086922454, 1583458086932633, 1583458086942865], "std_dev": 1.7435595774162693, "perc_90": 13.0, "mean": 11.6}, "_arg_Placeholder_0_0": {"durList": [12, 13, 16, 15, 16], "median": 15.0, "st": [1583458086901083, 1583458086911845, 1583458086921951, 1583458086932148, 1583458086942384], "std_dev": 1.624807680927192, "perc_90": 16.0, "mean": 14.4}}