{"_retval_MatMul_0_0": {"durList": [11, 16, 21, 14, 11], "median": 14.0, "st": [1583458060233923, 1583458060243982, 1583458060254216, 1583458060271346, 1583458060287865], "std_dev": 3.7202150475476548, "perc_90": 19.0, "mean": 14.6}, "_arg_Placeholder_0_0": {"durList": [13, 17, 18, 22, 15], "median": 17.0, "st": [1583458060233275, 1583458060243482, 1583458060253699, 1583458060270805, 1583458060287288], "std_dev": 3.03315017762062, "perc_90": 20.400000000000002, "mean": 17.0}}