{"MatMul": {"durList": [63, 59, 59, 62, 61], "median": 61.0, "dev": "gpu0", "st": [1583454716726631, 1583454716736389, 1583454716744508, 1583454716752288, 1583454716760621], "std_dev": 1.5999999999999999, "perc_90": 62.599999999999994, "mean": 60.8}}