{"_retval_MatMul_0_0": {"durList": [8, 16, 23, 16, 11], "median": 16.0, "st": [1583454716726779, 1583454716736537, 1583454716744673, 1583454716752437, 1583454716760768], "std_dev": 5.114684741017769, "perc_90": 20.200000000000003, "mean": 14.8}, "_arg_Placeholder_0_0": {"durList": [11, 15, 19, 16, 22], "median": 16.0, "st": [1583454716726453, 1583454716736197, 1583454716744272, 1583454716752003, 1583454716760339], "std_dev": 3.7202150475476548, "perc_90": 20.8, "mean": 16.6}}