{"_retval_MatMul_0_0": {"durList": [27, 26, 25, 25, 25], "median": 25.0, "st": [1583454822411843, 1583454822474505, 1583454822540610, 1583454822603119, 1583454822666371], "std_dev": 0.7999999999999999, "perc_90": 26.6, "mean": 25.6}, "_arg_Placeholder_0_0": {"durList": [18, 17, 17, 22, 17], "median": 17.0, "st": [1583454822364468, 1583454822427028, 1583454822494206, 1583454822557686, 1583454822621031], "std_dev": 1.9390719429665315, "perc_90": 20.400000000000002, "mean": 18.2}}