{"_retval_MatMul_0_0": {"durList": [28, 25, 25, 25, 28], "median": 25.0, "st": [1583454807878411, 1583454807903138, 1583454807927081, 1583454807951197, 1583454807975244], "std_dev": 1.469693845669907, "perc_90": 28.0, "mean": 26.2}, "_arg_Placeholder_0_0": {"durList": [18, 15, 15, 15, 15], "median": 15.0, "st": [1583454807867383, 1583454807892237, 1583454807916184, 1583454807940308, 1583454807964391], "std_dev": 1.2, "perc_90": 16.799999999999997, "mean": 15.6}}