{"_retval_MatMul_0_0": {"durList": [27, 14, 11, 10, 9], "median": 11.0, "st": [1583458177591264, 1583458177617058, 1583458177641438, 1583458177666064, 1583458177690092], "std_dev": 6.615134163416491, "perc_90": 21.8, "mean": 14.2}, "_arg_Placeholder_0_0": {"durList": [18, 14, 17, 9, 8], "median": 14.0, "st": [1583458177580331, 1583458177606192, 1583458177630570, 1583458177655014, 1583458177679223], "std_dev": 4.069397989875161, "perc_90": 17.6, "mean": 13.2}}