{"_retval_MatMul_0_0": {"durList": [18, 25, 24, 11, 10], "median": 18.0, "st": [1583458219120816, 1583458219476993, 1583458219836273, 1583458220197009, 1583458220554310], "std_dev": 6.2801273872430325, "perc_90": 24.6, "mean": 17.6}, "_arg_Placeholder_0_0": {"durList": [6, 7, 7, 7, 6], "median": 7.0, "st": [1583458218780977, 1583458219138330, 1583458219496717, 1583458219857401, 1583458220213929], "std_dev": 0.4898979485566356, "perc_90": 7.0, "mean": 6.6}}