{"MatMul": {"durList": [82, 82, 95, 83, 29], "median": 82.0, "dev": "gpu0", "st": [1585681143119392, 1585681144308365, 1585681145482833, 1585681146658637, 1585681147833223], "std_dev": 23.12920232087566, "perc_90": 90.2, "mean": 74.2}, "MatMul_1": {"durList": [52, 35, 86, 29, 37], "median": 37.0, "dev": "gpu0", "st": [1585681143097347, 1585681144286097, 1585681145460784, 1585681146636404, 1585681147811413], "std_dev": 20.546532554180523, "perc_90": 72.4, "mean": 47.8}, "MatMul_3": {"durList": [90, 123, 157, 116, 33], "median": 116.0, "dev": "gpu0", "st": [1585681143119590, 1585681144308534, 1585681145483026, 1585681146658823, 1585681147833305], "std_dev": 41.35408081435253, "perc_90": 143.4, "mean": 103.8}, "MatMul_2": {"durList": [82, 138, 122, 34, 110], "median": 110.0, "dev": "gpu0", "st": [1585681143009209, 1585681144198125, 1585681145372823, 1585681146548156, 1585681147723305], "std_dev": 36.52067907364265, "perc_90": 131.6, "mean": 97.2}, "MatMul_5": {"durList": [117, 95, 217, 83, 105], "median": 105.0, "dev": "gpu0", "st": [1585681143097168, 1585681144285953, 1585681145460460, 1585681146636274, 1585681147811252], "std_dev": 48.12317529008242, "perc_90": 177.0, "mean": 123.4}, "MatMul_4": {"durList": [130, 116, 119, 119, 50], "median": 119.0, "dev": "gpu0", "st": [1585681143119143, 1585681144308144, 1585681145482611, 1585681146658414, 1585681147833115], "std_dev": 28.7986110776197, "perc_90": 125.6, "mean": 106.8}, "MatMul_7": {"durList": [112, 198, 205, 200, 83], "median": 198.0, "dev": "gpu0", "st": [1585681143118856, 1585681144307805, 1585681145482264, 1585681146658071, 1585681147832958], "std_dev": 51.57751448063391, "perc_90": 203.0, "mean": 159.6}, "MatMul_6": {"durList": [189, 232, 355, 93, 220], "median": 220.0, "dev": "gpu0", "st": [1585681143008891, 1585681144197721, 1585681145372292, 1585681146548009, 1585681147722924], "std_dev": 84.18408400642012, "perc_90": 305.8, "mean": 217.8}, "MatMul_8": {"durList": [175, 268, 125, 158, 179], "median": 175.0, "dev": "gpu0", "st": [1585681143095849, 1585681144284717, 1585681145459206, 1585681146634994, 1585681147809889], "std_dev": 47.48473438906445, "perc_90": 232.39999999999998, "mean": 181.0}}