{"_retval_MatMul_6_0_15": {"durList": [2, 2, 2, 3, 2], "median": 2.0, "st": [1585681143047812, 1585681144237204, 1585681145411555, 1585681146586686, 1585681147762524], "std_dev": 0.39999999999999997, "perc_90": 2.6, "mean": 2.2}, "_arg_Placeholder_5_0_5": {"durList": [6, 10, 5, 2, 2], "median": 5.0, "st": [1585681143003008, 1585681144191893, 1585681145366364, 1585681146542319, 1585681147717219], "std_dev": 2.9664793948382653, "perc_90": 8.4, "mean": 5.0}, "_retval_Add_8_0_8": {"durList": [7, 5, 10, 4, 4], "median": 5.0, "st": [1585681144044961, 1585681145222519, 1585681146397924, 1585681147574466, 1585681148757731], "std_dev": 2.280350850198276, "perc_90": 8.8, "mean": 6.0}, "Add": {"durList": [14, 12, 30, 14, 15], "median": 14.0, "st": [1585681144105690, 1585681145280063, 1585681146456248, 1585681147631688, 1585681148817316], "std_dev": 6.572670690061994, "perc_90": 24.0, "mean": 17.0}, "_retval_MatMul_4_0_13": {"durList": [5, 1, 2, 2, 2], "median": 2.0, "st": [1585681144105683, 1585681145280055, 1585681146456243, 1585681147631684, 1585681148817309], "std_dev": 1.3564659966250538, "perc_90": 3.8000000000000003, "mean": 2.4}, "_arg_Placeholder_4_0_4": {"durList": [6, 5, 5, 2, 2], "median": 5.0, "st": [1585681143002978, 1585681144191863, 1585681145366341, 1585681146542309, 1585681147717209], "std_dev": 1.6733200530681511, "perc_90": 5.6, "mean": 4.0}, "_retval_Add_4_0_4": {"durList": [3, 2, 3, 3, 3], "median": 3.0, "st": [1585681144105662, 1585681145280049, 1585681146456237, 1585681147631677, 1585681148817287], "std_dev": 0.39999999999999997, "perc_90": 3.0, "mean": 2.8}, "_retval_MatMul_5_0_14": {"durList": [5, 2, 3, 2, 3], "median": 3.0, "st": [1585681144048552, 1585681145225903, 1585681146401299, 1585681147577828, 1585681148761229], "std_dev": 1.0954451150103321, "perc_90": 4.2, "mean": 3.0}, "_retval_MatMul_0_9": {"durList": [2, 3, 2, 2, 2], "median": 2.0, "st": [1585681144105712, 1585681145280088, 1585681146456285, 1585681147631721, 1585681148817343], "std_dev": 0.39999999999999997, "perc_90": 2.6, "mean": 2.2}, "_retval_MatMul_2_0_11": {"durList": [2, 2, 2, 2, 2], "median": 2.0, "st": [1585681143047912, 1585681144237312, 1585681145411663, 1585681146586790, 1585681147762630], "std_dev": 0.0, "perc_90": 2.0, "mean": 2.0}, "_retval_MatMul_1_0_10": {"durList": [4, 2, 1, 2, 3], "median": 2.0, "st": [1585681144048602, 1585681145225942, 1585681146401337, 1585681147577866, 1585681148761275], "std_dev": 1.019803902718557, "perc_90": 3.6, "mean": 2.4}, "_retval_Add_7_0_7": {"durList": [4, 3, 3, 2, 3], "median": 3.0, "st": [1585681144104743, 1585681145279184, 1585681146455384, 1585681147630808, 1585681148816402], "std_dev": 0.6324555320336759, "perc_90": 3.6, "mean": 3.0}, "Add_1": {"durList": [30, 29, 25, 26, 28], "median": 28.0, "st": [1585681144048560, 1585681145225907, 1585681146401305, 1585681147577833, 1585681148761236], "std_dev": 1.854723699099141, "perc_90": 29.6, "mean": 27.6}, "Add_3": {"durList": [237, 214, 216, 214, 219], "median": 216.0, "st": [1585681144105716, 1585681145280092, 1585681146456289, 1585681147631726, 1585681148817351], "std_dev": 8.694826047713663, "perc_90": 229.8, "mean": 220.0}, "Add_2": {"durList": [86, 93, 94, 90, 92], "median": 92.0, "st": [1585681143047817, 1585681144237209, 1585681145411559, 1585681146586692, 1585681147762528], "std_dev": 2.8284271247461903, "perc_90": 93.6, "mean": 91.0}, "Add_5": {"durList": [3547, 3336, 3342, 3334, 3446], "median": 3342.0, "st": [1585681144044984, 1585681145222550, 1585681146397943, 1585681147574480, 1585681148757757], "std_dev": 84.30421104547507, "perc_90": 3506.6, "mean": 3401.0}, "Add_4": {"durList": [891, 834, 835, 853, 860], "median": 853.0, "st": [1585681144104760, 1585681145279208, 1585681146455396, 1585681147630818, 1585681148816416], "std_dev": 20.8096131631513, "perc_90": 878.5999999999999, "mean": 854.6}, "Add_7": {"durList": [56127, 53228, 54037, 52929, 55109], "median": 54037.0, "st": [1585681144048608, 1585681145225948, 1585681146401340, 1585681147577871, 1585681148761280], "std_dev": 1190.7496798235975, "perc_90": 55719.8, "mean": 54286.0}, "Add_6": {"durList": [22636, 23271, 22646, 22250, 23204], "median": 22646.0, "st": [1585681143025157, 1585681144213910, 1585681145388888, 1585681146564417, 1585681147739299], "std_dev": 384.22889011629513, "perc_90": 23244.2, "mean": 22801.4}, "Add_8": {"durList": [226114, 214496, 212443, 212972, 221202], "median": 214496.0, "st": [1585681143818827, 1585681145007989, 1585681146185468, 1585681147361481, 1585681148536499], "std_dev": 5347.727427608853, "perc_90": 224149.2, "mean": 217445.4}, "_retval_Add_6_0_6": {"durList": [3, 4, 4, 3, 4], "median": 4.0, "st": [1585681143047805, 1585681144237195, 1585681145411547, 1585681146586679, 1585681147762515], "std_dev": 0.4898979485566356, "perc_90": 4.0, "mean": 3.6}, "_retval_MatMul_8_0_17": {"durList": [6, 2, 3, 2, 3], "median": 3.0, "st": [1585681144044975, 1585681145222543, 1585681146397937, 1585681147574475, 1585681148757749], "std_dev": 1.4696938456699071, "perc_90": 4.800000000000001, "mean": 3.2}, "_arg_Placeholder_6_0_6": {"durList": [6, 5, 5, 2, 2], "median": 5.0, "st": [1585681143003038, 1585681144191930, 1585681145366390, 1585681146542329, 1585681147717228], "std_dev": 1.6733200530681511, "perc_90": 5.6, "mean": 4.0}, "_arg_Placeholder_3_0_3": {"durList": [18, 18, 15, 7, 8], "median": 15.0, "st": [1585681143002945, 1585681144191828, 1585681145366314, 1585681146542296, 1585681147717196], "std_dev": 4.791659420284375, "perc_90": 18.0, "mean": 13.2}, "_arg_Placeholder_7_0_7": {"durList": [6, 5, 4, 3, 2], "median": 4.0, "st": [1585681143002988, 1585681144191872, 1585681145366349, 1585681146542312, 1585681147717212], "std_dev": 1.4142135623730951, "perc_90": 5.6, "mean": 4.0}, "_retval_Add_3_0_3": {"durList": [3, 2, 4, 3, 3], "median": 3.0, "st": [1585681144105958, 1585681145280315, 1585681146456516, 1585681147631945, 1585681148817578], "std_dev": 0.6324555320336759, "perc_90": 3.6, "mean": 3.0}, "_retval_MatMul_3_0_12": {"durList": [35, 5, 4, 3, 5], "median": 5.0, "st": [1585681144105963, 1585681145280320, 1585681146456522, 1585681147631951, 1585681148817594], "std_dev": 12.32233744059949, "perc_90": 23.000000000000004, "mean": 10.4}, "_retval_Add_2_0_2": {"durList": [2, 2, 2, 2, 2], "median": 2.0, "st": [1585681143047907, 1585681144237307, 1585681145411658, 1585681146586786, 1585681147762625], "std_dev": 0.0, "perc_90": 2.0, "mean": 2.0}, "_arg_Placeholder_2_0_2": {"durList": [6, 6, 5, 2, 2], "median": 5.0, "st": [1585681143003028, 1585681144191916, 1585681145366381, 1585681146542326, 1585681147717225], "std_dev": 1.8330302779823362, "perc_90": 6.0, "mean": 4.2}, "_arg_Placeholder_1_0_1": {"durList": [6, 6, 5, 2, 2], "median": 5.0, "st": [1585681143002998, 1585681144191884, 1585681145366357, 1585681146542316, 1585681147717216], "std_dev": 1.8330302779823362, "perc_90": 6.0, "mean": 4.2}, "_retval_Add_5_0_5": {"durList": [4, 4, 2, 2, 3], "median": 3.0, "st": [1585681144048545, 1585681145225895, 1585681146401293, 1585681147577822, 1585681148761220], "std_dev": 0.8944271909999159, "perc_90": 4.0, "mean": 3.0}, "_retval_Add_1_0_1": {"durList": [4, 2, 2, 2, 2], "median": 2.0, "st": [1585681144048595, 1585681145225938, 1585681146401333, 1585681147577862, 1585681148761271], "std_dev": 0.8000000000000002, "perc_90": 3.2, "mean": 2.4}, "_retval_MatMul_7_0_16": {"durList": [3, 2, 2, 2, 3], "median": 2.0, "st": [1585681144104750, 1585681145279190, 1585681146455391, 1585681147630814, 1585681148816408], "std_dev": 0.4898979485566356, "perc_90": 3.0, "mean": 2.4}, "_arg_Placeholder_0_0": {"durList": [6, 9, 5, 2, 2], "median": 5.0, "st": [1585681143002968, 1585681144191851, 1585681145366333, 1585681146542305, 1585681147717205], "std_dev": 2.6381811916545836, "perc_90": 7.8, "mean": 4.8}, "_arg_Placeholder_8_0_8": {"durList": [7, 7, 6, 2, 2], "median": 6.0, "st": [1585681143003017, 1585681144191906, 1585681145366372, 1585681146542322, 1585681147717222], "std_dev": 2.3151673805580453,