{"MatMul": {"durList": [16, 15, 17, 16, 15], "median": 16.0, "dev": "gpu0", "st": [1585681143795358, 1585681144984484, 1585681146162253, 1585681147338018, 1585681148513911], "std_dev": 0.7483314773547882, "perc_90": 16.6, "mean": 15.8}, "MatMul_1": {"durList": [16, 16, 15, 15, 16], "median": 16.0, "dev": "gpu0", "st": [1585681143716544, 1585681144905672, 1585681146083176, 1585681147259204, 1585681148434242], "std_dev": 0.48989794855663565, "perc_90": 16.0, "mean": 15.6}, "MatMul_3": {"durList": [44, 46, 42, 42, 42], "median": 42.0, "dev": "gpu0", "st": [1585681143795383, 1585681144984508, 1585681146162281, 1585681147338044, 1585681148513936], "std_dev": 1.5999999999999999, "perc_90": 45.2, "mean": 43.2}, "MatMul_2": {"durList": [29, 28, 24, 24, 27], "median": 27.0, "dev": "gpu0", "st": [1585681143018499, 1585681144207325, 1585681145382255, 1585681146557829, 1585681147732719], "std_dev": 2.0591260281974, "perc_90": 28.6, "mean": 26.4}, "MatMul_5": {"durList": [1285, 1286, 1292, 1284, 1298], "median": 1286.0, "dev": "gpu0", "st": [1585681143715252, 1585681144904378, 1585681146081876, 1585681147257912, 1585681148432936], "std_dev": 5.291502622129181, "perc_90": 1295.6, "mean": 1289.0}, "MatMul_4": {"durList": [186, 187, 185, 187, 187], "median": 187.0, "dev": "gpu0", "st": [1585681143795162, 1585681144984286, 1585681146162058, 1585681147337821, 1585681148513715], "std_dev": 0.8, "perc_90": 187.0, "mean": 186.4}, "MatMul_7": {"durList": [78579, 78576, 78844, 78581, 79435], "median": 78581.0, "dev": "gpu0", "st": [1585681143716569, 1585681144905696, 1585681146083199, 1585681147259226, 1585681148434266], "std_dev": 332.2932439878969, "perc_90": 79198.6, "mean": 78803.0}, "MatMul_6": {"durList": [9468, 9444, 9715, 9736, 9654], "median": 9654.0, "dev": "gpu0", "st": [1585681143009020, 1585681144197869, 1585681145372524, 1585681146548082, 1585681147723054], "std_dev": 123.56310128837008, "perc_90": 9727.6, "mean": 9603.4}, "MatMul_8": {"durList": [619258, 619480, 622560, 622786, 622878], "median": 622560.0, "dev": "gpu0", "st": [1585681143095990, 1585681144284895, 1585681145459312, 1585681146635122, 1585681147810055], "std_dev": 1656.8255913040455, "perc_90": 622841.2, "mean": 621392.4}}