{"_retval_MatMul_3_0_29": {"durList": [6, 8, 4, 5, 5], "median": 5.0, "st": [1585672345780526, 1585672346219421, 1585672346622860, 1585672347024387, 1585672347473578], "std_dev": 1.3564659966250536, "perc_90": 7.2, "mean": 5.6}, "_retval_Add_11_0_2": {"durList": [3, 3, 3, 8, 2], "median": 3.0, "st": [1585672345748483, 1585672346130539, 1585672346533835, 1585672346879455, 1585672347430957], "std_dev": 2.1354156504062622, "perc_90": 6.0, "mean": 3.8}, "_arg_Placeholder_12_0_3": {"durList": [2, 3, 4, 2, 3], "median": 3.0, "st": [1585672345493769, 1585672345938695, 1585672346338098, 1585672346741336, 1585672347141074], "std_dev": 0.7483314773547882, "perc_90": 3.6, "mean": 2.8}, "_retval_Add_13_0_4": {"durList": [4, 4, 4, 3, 3], "median": 4.0, "st": [1585672345766633, 1585672346205548, 1585672346608937, 1585672347010046, 1585672347455240], "std_dev": 0.4898979485566356, "perc_90": 4.0, "mean": 3.6}, "_retval_Add_5_0_13": {"durList": [5, 3, 4, 3, 3], "median": 3.0, "st": [1585672345693621, 1585672346187545, 1585672346590910, 1585672346991375, 1585672347357661], "std_dev": 0.8, "perc_90": 4.6, "mean": 3.6}, "_arg_Placeholder_11_0_2": {"durList": [2, 3, 2, 2, 2], "median": 2.0, "st": [1585672345493795, 1585672345938727, 1585672346338128, 1585672346741363, 1585672347141104], "std_dev": 0.39999999999999997, "perc_90": 2.6, "mean": 2.2}, "_retval_MatMul_2_0_28": {"durList": [5, 3, 2, 4, 3], "median": 3.0, "st": [1585672345506001, 1585672345949566, 1585672346349209, 1585672346752561, 1585672347152054], "std_dev": 1.019803902718557, "perc_90": 4.6, "mean": 3.4}, "_arg_Placeholder_10_0_1": {"durList": [2, 3, 3, 2, 2], "median": 2.0, "st": [1585672345493783, 1585672345938713, 1585672346338115, 1585672346741351, 1585672347141092], "std_dev": 0.4898979485566356, "perc_90": 3.0, "mean": 2.4}, "_retval_MatMul_6_0_32": {"durList": [4, 3, 2, 5, 3], "median": 3.0, "st": [1585672345505899, 1585672345949527, 1585672346349170, 1585672346752478, 1585672347151995], "std_dev": 1.019803902718557, "perc_90": 4.6, "mean": 3.4}, "_retval_Add_6_0_14": {"durList": [9, 4, 5, 12, 6], "median": 6.0, "st": [1585672345505884, 1585672345949519, 1585672346349161, 1585672346752458, 1585672347151984], "std_dev": 2.9257477676655586, "perc_90": 10.8, "mean": 7.2}, "_retval_Add_1_0_9": {"durList": [4, 3, 3, 2, 2], "median": 3.0, "st": [1585672345692688, 1585672346186638, 1585672346590016, 1585672346990428, 1585672347356454], "std_dev": 0.7483314773547882, "perc_90": 3.6, "mean": 2.8}, "Add": {"durList": [12, 11, 10, 12, 9], "median": 11.0, "st": [1585672345692700, 1585672346186652, 1585672346590027, 1585672346990439, 1585672347356465], "std_dev": 1.1661903789690602, "perc_90": 12.0, "mean": 10.8}, "_arg_Placeholder_6_0_14": {"durList": [9, 12, 9, 8, 9], "median": 9.0, "st": [1585672345493753, 1585672345938676, 1585672346338082, 1585672346741321, 1585672347141058], "std_dev": 1.3564659966250536, "perc_90": 10.8, "mean": 9.4}, "_arg_Placeholder_16_0_7": {"durList": [2, 3, 3, 3, 2], "median": 3.0, "st": [1585672345493791, 1585672345938722, 1585672346338123, 1585672346741359, 1585672347141100], "std_dev": 0.4898979485566356, "perc_90": 3.0, "mean": 2.6}, "_retval_MatMul_15_0_24": {"durList": [2, 2, 2, 2, 2], "median": 2.0, "st": [1585672345765403, 1585672346204425, 1585672346607817, 1585672347008881, 1585672347453773], "std_dev": 0.0, "perc_90": 2.0, "mean": 2.0}, "_arg_Placeholder_5_0_13": {"durList": [3, 3, 2, 2, 3], "median": 3.0, "st": [1585672345493823, 1585672345938759, 1585672346338158, 1585672346741391, 1585672347141132], "std_dev": 0.4898979485566356, "perc_90": 3.0, "mean": 2.6}, "_retval_MatMul_16_0_25": {"durList": [2, 2, 2, 3, 2], "median": 2.0, "st": [1585672345762016, 1585672346201033, 1585672346604416, 1585672347005348, 1585672347449279], "std_dev": 0.39999999999999997, "perc_90": 2.6, "mean": 2.2}, "_retval_MatMul_10_0_19": {"durList": [29, 3, 2, 2, 3], "median": 3.0, "st": [1585672345765431, 1585672346204458, 1585672346607858, 1585672347008914, 1585672347453801], "std_dev": 10.609429767899874, "perc_90": 18.6, "mean": 7.8}, "_retval_MatMul_17_0_26": {"durList": [3, 3, 2, 3, 3], "median": 3.0, "st": [1585672345748442, 1585672346130492, 1585672346533788, 1585672346934908, 1585672347430913], "std_dev": 0.39999999999999997, "perc_90": 3.0, "mean": 2.8}, "_retval_Add_14_0_5": {"durList": [4, 4, 3, 4, 3], "median": 4.0, "st": [1585672345766375, 1585672346205302, 1585672346608701, 1585672347009796, 1585672347454922], "std_dev": 0.4898979485566356, "perc_90": 4.0, "mean": 3.6}, "_retval_MatMul_5_0_31": {"durList": [3, 3, 3, 3, 3], "median": 3.0, "st": [1585672345693630, 1585672346187555, 1585672346590917, 1585672346991382, 1585672347357668], "std_dev": 0.0, "perc_90": 3.0, "mean": 3.0}, "Add_1": {"durList": [25, 26, 23, 23, 19], "median": 23.0, "st": [1585672345692660, 1585672346186607, 1585672346589990, 1585672346990401, 1585672347356431], "std_dev": 2.4, "perc_90": 25.6, "mean": 23.2}, "Add_3": {"durList": [68, 70, 70, 71, 80], "median": 70.0, "st": [1585672345780441, 1585672346219332, 1585672346622779, 1585672347024305, 1585672347473490], "std_dev": 4.214261501141095, "perc_90": 76.4, "mean": 71.8}, "Add_2": {"durList": [52, 24, 25, 57, 43], "median": 43.0, "st": [1585672345505908, 1585672345949533, 1585672346349175, 1585672346752488, 1585672347152001], "std_dev": 13.585286158193357, "perc_90": 55.0, "mean": 40.2}, "Add_5": {"durList": [889, 857, 851, 900, 1165], "median": 889.0, "st": [1585672345692724, 1585672346186678, 1585672346590050, 1585672346990465, 1585672347356489], "std_dev": 117.76858664346787, "perc_90": 1059.0, "mean": 932.4}, "_arg_Placeholder_13_0_4": {"durList": [2, 3, 3, 3, 2], "median": 3.0, "st": [1585672345493773, 1585672345938700, 1585672346338103, 1585672346741339, 1585672347141079], "std_dev": 0.4898979485566356, "perc_90": 3.0, "mean": 2.6}, "_retval_Add_16_0_7": {"durList": [4, 3, 4, 4, 3], "median": 4.0, "st": [1585672345762009, 1585672346201022, 1585672346604409, 1585672347005340, 1585672347449272], "std_dev": 0.4898979485566356, "perc_90": 4.0, "mean": 3.6}, "Add_6": {"durList": [6609, 5342, 5519, 5535, 5537], "median": 5535.0, "st": [1585672345499251, 1585672345944164, 1585672346343626, 1585672346746896, 1585672347146432], "std_dev": 456.2120559564379, "perc_90": 6180.200000000001, "mean": 5708.4}, "_arg_Placeholder_2_0_10": {"durList": [3, 3, 3, 3, 3], "median": 3.0, "st": [1585672345493806, 1585672345938740, 1585672346338140, 1585672346741374, 1585672347141115], "std_dev": 0.0, "perc_90": 3.0, "mean": 3.0}, "Add_8": {"durList": [57017, 56017, 56113, 55459, 73702], "median": 56113.0, "st": [1585672345635610, 1585672346130556, 1585672346533848, 1585672346934913, 1585672347282703], "std_dev": 7037.957931104732, "perc_90": 67028.0, "mean": 59661.6}, "_arg_Placeholder_9_0_17": {"durList": [3, 3, 3, 2, 3], "median": 3.0, "st": [1585672345493827, 1585672345938763, 1585672346338162, 1585672346741395, 1585672347141137], "std_dev": 0.39999999999999997, "perc_90": 3.0, "mean": 2.8}, "_retval_Add_2_0_10": {"durList": [5, 3, 3, 5, 3], "median": 3.0, "st": [1585672345505965, 1585672345949560, 1585672346349203, 1585672346752552, 1585672347152048], "std_dev": 0.9797958971132712, "perc_90": 5.0, "mean": 3.8}, "_retval_MatMul_9_0_35": {"durList": [15, 4, 8, 1, 15], "median": 8.0, "st": [1585672345495017, 1585672345940510, 1585672346339504, 1585672346742746, 1585672347142407], "std_dev": 5.678027826631356, "perc_90": 15.0, "mean": 8.6}, "_retval_Add_7_0_15": {"durList": [4, 4, 3, 5, 3], "median": 4.0, "st": [1585672345780185, 1585672346219043, 1585672346622526, 1585672347024037, 1585672347473172], "std_dev": 0.7483314773547882, "perc_90": 4.6, "mean": 3.8}, "_retval_MatMul_0_18": {"durList": [3, 3, 2, 3, 3], "median": 3.0, "st": [1585672345692719, 1585672346186673, 1585672346590045, 1585672346990460, 1585672347356483], "std_dev": 0.39999999999999997, "perc_90": 3.0, "mean": 2.8}, "_retval_MatMul_1_0_27": {"durList": [2, 3, 2, 2, 2], "median": 2.0,