{"MatMul_11": {"durList": [11, 11, 11, 10, 11], "median": 11.0, "dev": "gpu2", "st": [1585672345593001, 1585672346033674, 1585672346437383, 1585672346836784, 1585672347240210], "std_dev": 0.39999999999999997, "perc_90": 11.0, "mean": 10.8}, "MatMul_17": {"durList": [76938, 72753, 76950, 73250, 76935], "median": 76935.0, "dev": "gpu2", "st": [1585672345516061, 1585672345960919, 1585672346360431, 1585672346763532, 1585672347163271], "std_dev": 1936.3482538014696, "perc_90": 76945.2, "mean": 75365.2}, "MatMul_12": {"durList": [24, 23, 20, 23, 23], "median": 23.0, "dev": "gpu2", "st": [1585672345604501, 1585672346044988, 1585672346448902, 1585672346848243, 1585672347251717], "std_dev": 1.3564659966250536, "perc_90": 23.6, "mean": 22.6}, "MatMul_13": {"durList": [40, 41, 44, 40, 40], "median": 40.0, "dev": "gpu2", "st": [1585672345604451, 1585672346044936, 1585672346448848, 1585672346848192, 1585672347251667], "std_dev": 1.5491933384829668, "perc_90": 42.8, "mean": 41.0}, "MatMul_16": {"durList": [9921, 9757, 9927, 9875, 9931], "median": 9921.0, "dev": "gpu2", "st": [1585672345593018, 1585672346033690, 1585672346437398, 1585672346836799, 1585672347240225], "std_dev": 65.75834547796957, "perc_90": 9929.400000000001, "mean": 9882.2}, "MatMul": {"durList": [12, 12, 12, 12, 13], "median": 12.0, "dev": "gpu0", "st": [1585672345590797, 1585672346035324, 1585672346439174, 1585672346837876, 1585672347239423], "std_dev": 0.4, "perc_90": 12.6, "mean": 12.2}, "MatMul_1": {"durList": [8, 9, 9, 9, 10], "median": 9.0, "dev": "gpu0", "st": [1585672345590783, 1585672346035308, 1585672346439157, 1585672346837859, 1585672347239405], "std_dev": 0.6324555320336759, "perc_90": 9.6, "mean": 9.0}, "MatMul_10": {"durList": [18, 15, 16, 16, 18], "median": 16.0, "dev": "gpu2", "st": [1585672345604224, 1585672346044715, 1585672346448613, 1585672346847969, 1585672347251442], "std_dev": 1.2000000000000002, "perc_90": 18.0, "mean": 16.6}, "MatMul_3": {"durList": [15, 16, 16, 15, 15], "median": 15.0, "dev": "gpu0", "st": [1585672345630313, 1585672346070955, 1585672346474712, 1585672346874107, 1585672347277400], "std_dev": 0.48989794855663565, "perc_90": 16.0, "mean": 15.4}, "MatMul_2": {"durList": [34, 18, 23, 18, 34], "median": 23.0, "dev": "gpu0", "st": [1585672345497447, 1585672345942400, 1585672346341821, 1585672346745080, 1585672347144709], "std_dev": 7.255342858886822, "perc_90": 34.0, "mean": 25.4}, "MatMul_5": {"durList": [178, 172, 177, 172, 177], "median": 177.0, "dev": "gpu0", "st": [1585672345590818, 1585672346035344, 1585672346439193, 1585672346837895, 1585672347239449], "std_dev": 2.6381811916545836, "perc_90": 177.6, "mean": 175.2}, "MatMul_14": {"durList": [184, 181, 196, 183, 182], "median": 183.0, "dev": "gpu2", "st": [1585672345604257, 1585672346044745, 1585672346448643, 1585672346848000, 1585672347251475], "std_dev": 5.491812087098392, "perc_90": 191.2, "mean": 185.2}, "MatMul_7": {"durList": [9973, 9923, 9926, 9929, 9812], "median": 9926.0, "dev": "gpu0", "st": [1585672345620298, 1585672346060992, 1585672346464745, 1585672346864137, 1585672347267547], "std_dev": 53.52606841530583, "perc_90": 9955.4, "mean": 9912.6}, "MatMul_6": {"durList": [1235, 1230, 1294, 1196, 1240], "median": 1235.0, "dev": "gpu0", "st": [1585672345496200, 1585672345941158, 1585672346340515, 1585672346743872, 1585672347143458], "std_dev": 31.534108517603602, "perc_90": 1272.4, "mean": 1239.0}, "MatMul_9": {"durList": [39, 39, 35, 34, 31], "median": 35.0, "dev": "gpu2", "st": [1585672345494762, 1585672345940221, 1585672346339253, 1585672346742506, 1585672347142168], "std_dev": 3.0724582991474434, "perc_90": 39.0, "mean": 35.6}, "MatMul_15": {"durList": [1263, 1244, 1264, 1271, 1263], "median": 1263.0, "dev": "gpu2", "st": [1585672345602953, 1585672346043461, 1585672346447340, 1585672346846689, 1585672347250170], "std_dev": 9.011104260855047, "perc_90": 1268.2, "mean": 1261.0}, "MatMul_8": {"durList": [72944, 72286, 76930, 72273, 74324], "median": 72944.0, "dev": "gpu0", "st": [1585672345517837, 1585672345963018, 1585672346362224, 1585672346765584, 1585672347165079], "std_dev": 1755.922959585642, "perc_90": 75887.6, "mean": 73751.4}, "MatMul_4": {"durList": [34, 34, 35, 34, 34], "median": 34.0, "dev": "gpu0", "st": [1585672345630274, 1585672346070916, 1585672346474673, 1585672346874068, 1585672347277361], "std_dev": 0.4, "perc_90": 34.6, "mean": 34.2}}