{"MatMul_1": {"durList": [233, 85, 62, 103, 58], "median": 85.0, "dev": "gpu0", "st": [1585672345518199, 1585672345965103, 1585672346362368, 1585672346765799, 1585672347165166], "std_dev": 64.48999922468599, "perc_90": 181.0, "mean": 108.2}, "MatMul": {"durList": [161, 79, 76, 121, 79], "median": 79.0, "dev": "gpu0", "st": [1585672345518612, 1585672345965243, 1585672346362493, 1585672346765996, 1585672347165306], "std_dev": 33.37304301378584, "perc_90": 145.0, "mean": 103.2}, "MatMul_2": {"durList": [111, 92, 111, 73, 78], "median": 92.0, "dev": "gpu0", "st": [1585672345496527, 1585672345941317, 1585672346340727, 1585672346744023, 1585672347143604], "std_dev": 15.962455951387932, "perc_90": 111.0, "mean": 93.0}, "MatMul_6": {"durList": [331, 198, 235, 224, 174], "median": 224.0, "dev": "gpu0", "st": [1585672345495961, 1585672345941035, 1585672346340344, 1585672346743689, 1585672347143318], "std_dev": 53.652958911881086, "perc_90": 292.6, "mean": 232.4}, "MatMul_3": {"durList": [43, 37, 39, 40, 33], "median": 39.0, "dev": "gpu0", "st": [1585672345620529, 1585672346061207, 1585672346464980, 1585672346864361, 1585672347267698], "std_dev": 3.32264954516723, "perc_90": 41.8, "mean": 38.4}, "MatMul_7": {"durList": [98, 101, 116, 105, 52], "median": 101.0, "dev": "gpu0", "st": [1585672345620230, 1585672346060916, 1585672346464658, 1585672346864057, 1585672347267496], "std_dev": 22.059918404200864, "perc_90": 111.6, "mean": 94.4}, "MatMul_11": {"durList": [66, 84, 93, 50, 67], "median": 67.0, "dev": "gpu2", "st": [1585672345516183, 1585672345961027, 1585672346360613, 1585672346763633, 1585672347163404], "std_dev": 15.033296378372908, "perc_90": 89.4, "mean": 72.0}, "MatMul_10": {"durList": [152, 111, 96, 39, 57], "median": 96.0, "dev": "gpu2", "st": [1585672345523116, 1585672345967831, 1585672346367482, 1585672346770411, 1585672347170052], "std_dev": 40.0149971885542, "perc_90": 135.60000000000002, "mean": 91.0}, "MatMul_13": {"durList": [112, 98, 63, 46, 68], "median": 68.0, "dev": "gpu2", "st": [1585672345523658, 1585672345968299, 1585672346367778, 1585672346770587, 1585672347170357], "std_dev": 24.096472770926457, "perc_90": 106.4, "mean": 77.4}, "MatMul_12": {"durList": [114, 125, 252, 95, 62], "median": 114.0, "dev": "gpu2", "st": [1585672345523917, 1585672345968496, 1585672346367903, 1585672346770671, 1585672347170504], "std_dev": 64.8277718265868, "perc_90": 201.2, "mean": 129.6}, "MatMul_15": {"durList": [272, 177, 259, 102, 104], "median": 177.0, "dev": "gpu2", "st": [1585672345522669, 1585672345967543, 1585672346367072, 1585672346770228, 1585672347169875], "std_dev": 72.84888468604032, "perc_90": 266.8, "mean": 182.8}, "MatMul_4": {"durList": [62, 64, 70, 67, 57], "median": 64.0, "dev": "gpu0", "st": [1585672345620412, 1585672346061096, 1585672346464863, 1585672346864246, 1585672347267603], "std_dev": 4.427188724235731, "perc_90": 68.8, "mean": 64.0}, "MatMul_17": {"durList": [197, 96, 212, 124, 121], "median": 124.0, "dev": "gpu2", "st": [1585672345515880, 1585672345960821, 1585672346360280, 1585672346763429, 1585672347163184], "std_dev": 45.795196254629154, "perc_90": 206.0, "mean": 150.0}, "MatMul_16": {"durList": [232, 202, 138, 235, 80], "median": 202.0, "dev": "gpu2", "st": [1585672345521320, 1585672345966202, 1585672346365612, 1585672346768866, 1585672347168583], "std_dev": 59.905258533788164, "perc_90": 233.8, "mean": 177.4}, "MatMul_9": {"durList": [101, 151, 165, 109, 95], "median": 109.0, "dev": "gpu2", "st": [1585672345494664, 1585672345940089, 1585672346339106, 1585672346742409, 1585672347142095], "std_dev": 28.301236722093968, "perc_90": 159.4, "mean": 124.2}, "MatMul_5": {"durList": [150, 63, 91, 167, 70], "median": 91.0, "dev": "gpu0", "st": [1585672345518888, 1585672345965383, 1585672346362628, 1585672346766206, 1585672347165446], "std_dev": 42.43300602125661, "perc_90": 160.2, "mean": 108.2}, "MatMul_8": {"durList": [210, 198, 137, 248, 93], "median": 198.0, "dev": "gpu0", "st": [1585672345517699, 1585672345962880, 1585672346362123, 1585672346765403, 1585672347165001], "std_dev": 55.18478051057193, "perc_90": 232.8, "mean": 177.2}, "MatMul_14": {"durList": [145, 107, 69, 42, 79], "median": 79.0, "dev": "gpu2", "st": [1585672345523393, 1585672345968041, 1585672346367644, 1585672346770493, 1585672347170179], "std_dev": 35.120364462801355, "perc_90": 129.8, "mean": 88.4}}