{"_retval_MatMul_0_0": {"durList": [9, 11, 12, 11, 12], "median": 11.0, "st": [1583454694091750, 1583454694102181, 1583454694112426, 1583454694122571, 1583454694132840], "std_dev": 1.0954451150103321, "perc_90": 12.0, "mean": 11.0}, "_arg_Placeholder_0_0": {"durList": [17, 22, 22, 20, 21], "median": 21.0, "st": [1583454694091241, 1583454694101679, 1583454694111890, 1583454694122125, 1583454694132268], "std_dev": 1.854723699099141, "perc_90": 22.0, "mean": 20.4}}