{"_retval_MatMul_0_0": {"durList": [21, 25, 25, 25, 25], "median": 25.0, "st": [1583454827861387, 1583454827989639, 1583454828115706, 1583454828241194, 1583454828367101], "std_dev": 1.5999999999999999, "perc_90": 25.0, "mean": 24.2}, "_arg_Placeholder_0_0": {"durList": [18, 17, 18, 17, 17], "median": 17.0, "st": [1583454827751413, 1583454827880089, 1583454828006545, 1583454828132833, 1583454828257433], "std_dev": 0.4898979485566356, "perc_90": 18.0, "mean": 17.4}}