{"_retval_MatMul_0_0": {"durList": [9, 10, 13, 13, 11], "median": 11.0, "st": [1583454748265339, 1583454748276545, 1583454748286617, 1583454748296733, 1583454748306858], "std_dev": 1.5999999999999999, "perc_90": 13.0, "mean": 11.2}, "_arg_Placeholder_0_0": {"durList": [20, 18, 15, 15, 18], "median": 18.0, "st": [1583454748264729, 1583454748276053, 1583454748286149, 1583454748296246, 1583454748306370], "std_dev": 1.9390719429665317, "perc_90": 19.2, "mean": 17.2}}