{"MatMul": {"durList": [63, 62, 22, 49, 22], "median": 49.0, "dev": "gpu0", "st": [1583454685111237, 1583454685122624, 1583454685133008, 1583454685143245, 1583454685153473], "std_dev": 18.315021157508937, "perc_90": 62.599999999999994, "mean": 43.6}}