{"MatMul": {"durList": [73, 76, 80, 78, 88], "median": 78.0, "dev": "gpu0", "st": [1583454761745649, 1583454761756290, 1583454761766705, 1583454761777302, 1583454761787830], "std_dev": 5.059644256269407, "perc_90": 84.80000000000001, "mean": 79.0}}