{"_retval_MatMul_0_0": {"durList": [15, 9, 23, 13, 9], "median": 13.0, "st": [1583454761745987, 1583454761756610, 1583454761767116, 1583454761777673, 1583454761788194], "std_dev": 5.1536394906900505, "perc_90": 19.8, "mean": 13.8}, "_arg_Placeholder_0_0": {"durList": [15, 14, 16, 17, 15], "median": 15.0, "st": [1583454761745261, 1583454761755895, 1583454761766348, 1583454761776871, 1583454761787438], "std_dev": 1.0198039027185568, "perc_90": 16.6, "mean": 15.4}}