{"_retval_MatMul_0_0": {"durList": [9, 23, 21, 23, 23], "median": 23.0, "st": [1583458168381706, 1583458168394788, 1583458168412561, 1583458168430974, 1583458168444345], "std_dev": 5.455272678794342, "perc_90": 23.0, "mean": 19.8}, "_arg_Placeholder_0_0": {"durList": [8, 15, 15, 15, 17], "median": 15.0, "st": [1583458168376250, 1583458168389488, 1583458168407264, 1583458168425466, 1583458168439092], "std_dev": 3.0983866769659336, "perc_90": 16.2, "mean": 14.0}}