{"MatMul": {"durList": [2566, 2498, 2473, 2582, 2332], "median": 2498.0, "dev": "gpu0", "st": [1583458168377781, 1583458168390978, 1583458168408781, 1583458168427050, 1583458168440664], "std_dev": 88.94582620899084, "perc_90": 2575.6000000000004, "mean": 2490.2}}