{"_retval_MatMul_0_0": {"durList": [21, 25, 24, 24, 18], "median": 24.0, "st": [1583454871068725, 1583454872046327, 1583454873022494, 1583454874004687, 1583454874984442], "std_dev": 2.5768197453450252, "perc_90": 24.6, "mean": 22.4}, "_arg_Placeholder_0_0": {"durList": [18, 14, 14, 17, 17], "median": 17.0, "st": [1583454870096740, 1583454871077897, 1583454872054648, 1583454873033125, 1583454874013154], "std_dev": 1.6733200530681511, "perc_90": 17.6, "mean": 16.0}}