{"_retval_MatMul_0_0": {"durList": [15, 21, 18, 12, 16], "median": 16.0, "st": [1583454766318314, 1583454766337068, 1583454766347274, 1583454766357735, 1583454766368245], "std_dev": 3.006659275674582, "perc_90": 19.8, "mean": 16.4}, "_arg_Placeholder_0_0": {"durList": [15, 22, 16, 17, 15], "median": 16.0, "st": [1583454766317536, 1583454766336169, 1583454766346425, 1583454766356973, 1583454766367460], "std_dev": 2.6076809620810595, "perc_90": 20.0, "mean": 17.0}}