{"_retval_MatMul_0_0": {"durList": [9, 11, 10, 10, 16], "median": 10.0, "st": [1583458028837002, 1583458028847871, 1583458028856016, 1583458028866409, 1583458028876778], "std_dev": 2.4819347291981715, "perc_90": 14.0, "mean": 11.2}, "_arg_Placeholder_0_0": {"durList": [20, 15, 15, 15, 16], "median": 15.0, "st": [1583458028836675, 1583458028847380, 1583458028855382, 1583458028865916, 1583458028876258], "std_dev": 1.9390719429665315, "perc_90": 18.4, "mean": 16.2}}