{"_retval_MatMul_0_0": {"durList": [14, 16, 10, 16, 10], "median": 14.0, "st": [1583458091376959, 1583458091387940, 1583458091398227, 1583458091408431, 1583458091418729], "std_dev": 2.7129319932501073, "perc_90": 16.0, "mean": 13.2}, "_arg_Placeholder_0_0": {"durList": [17, 21, 16, 20, 18], "median": 18.0, "st": [1583458091376418, 1583458091387390, 1583458091397667, 1583458091407873, 1583458091418181], "std_dev": 1.854723699099141, "perc_90": 20.6, "mean": 18.4}}