{"_retval_MatMul_0_0": {"durList": [4, 4, 4, 3, 5], "median": 4.0, "st": [1583454743756039, 1583454743767392, 1583454743777545, 1583454743787685, 1583454743797905], "std_dev": 0.6324555320336759, "perc_90": 4.6, "mean": 4.0}, "_arg_Placeholder_0_0": {"durList": [7, 7, 7, 6, 7], "median": 7.0, "st": [1583454743755531, 1583454743766884, 1583454743776976, 1583454743787168, 1583454743797347], "std_dev": 0.39999999999999997, "perc_90": 7.0, "mean": 6.8}}