{"_retval_MatMul_0_0": {"durList": [12, 18, 17, 10, 13], "median": 13.0, "st": [1583450352095232, 1583450352105359, 1583450352115719, 1583450352126136, 1583450352136455], "std_dev": 3.03315017762062, "perc_90": 17.6, "mean": 14.0}, "_arg_Placeholder_0_0": {"durList": [17, 24, 23, 30, 15], "median": 23.0, "st": [1583450352094744, 1583450352104709, 1583450352115132, 1583450352125510, 1583450352135895], "std_dev": 5.344155686354955, "perc_90": 27.6, "mean": 21.8}}