{"MatMul": {"durList": [802, 799, 799, 809, 805], "median": 802.0, "dev": "gpu0", "st": [1583454789312277, 1583454789325889, 1583454789335971, 1583454789349370, 1583454789362707], "std_dev": 3.815756805667783, "perc_90": 807.4000000000001, "mean": 802.8}}