{"_retval_MatMul_0_0": {"durList": [24, 26, 26, 27, 27], "median": 26.0, "st": [1583454789313769, 1583454789327401, 1583454789337462, 1583454789350872, 1583454789364209], "std_dev": 1.0954451150103321, "perc_90": 27.0, "mean": 26.0}, "_arg_Placeholder_0_0": {"durList": [22, 15, 17, 17, 17], "median": 17.0, "st": [1583454789311398, 1583454789324950, 1583454789335097, 1583454789348493, 1583454789361816], "std_dev": 2.3323807579381204, "perc_90": 20.0, "mean": 17.6}}