{"_retval_MatMul_0_0": {"durList": [11, 12, 12, 14, 17], "median": 12.0, "st": [1583454702974051, 1583454702984610, 1583454702995034, 1583454703005844, 1583454703016360], "std_dev": 2.1354156504062622, "perc_90": 15.8, "mean": 13.2}, "_arg_Placeholder_0_0": {"durList": [22, 19, 20, 21, 21], "median": 21.0, "st": [1583454702973282, 1583454702983971, 1583454702994379, 1583454703005142, 1583454703015855], "std_dev": 1.019803902718557, "perc_90": 21.6, "mean": 20.6}}