{"MatMul": {"durList": [225, 178, 146, 177, 100], "median": 177.0, "dev": "gpu0", "st": [1583454702973590, 1583454702984247, 1583454702994711, 1583454703005406, 1583454703016126], "std_dev": 41.22814572594795, "perc_90": 206.20000000000002, "mean": 165.2}}