{"MatMul": {"durList": [49, 60, 42, 52, 35], "median": 49.0, "dev": "gpu0", "st": [1583454702973735, 1583454702984341, 1583454702994782, 1583454703005497, 1583454703016177], "std_dev": 8.5463442476886, "perc_90": 56.800000000000004, "mean": 47.6}}