{"_retval_MatMul_0_0": {"durList": [24, 24, 25, 25, 25], "median": 25.0, "st": [1583458286516253, 1583458289354184, 1583458292207284, 1583458295045061, 1583458297895779], "std_dev": 0.4898979485566356, "perc_90": 25.0, "mean": 24.6}, "_arg_Placeholder_0_0": {"durList": [32, 17, 17, 24, 21], "median": 21.0, "st": [1583458283692945, 1583458286532923, 1583458289376370, 1583458292215529, 1583458295061174], "std_dev": 5.5641710972974225, "perc_90": 28.8, "mean": 22.2}}