{"_retval_MatMul_0_0": {"durList": [25, 24, 12, 20, 19], "median": 20.0, "st": [1583454840705698, 1583454841057985, 1583454841411067, 1583454841762452, 1583454842106073], "std_dev": 4.604345773288535, "perc_90": 24.6, "mean": 20.0}, "_arg_Placeholder_0_0": {"durList": [13, 19, 24, 6, 13], "median": 13.0, "st": [1583454840369849, 1583454840723512, 1583454841075660, 1583454841428091, 1583454841771786], "std_dev": 6.099180272790763, "perc_90": 22.0, "mean": 15.0}}