{"_retval_MatMul_0_0": {"durList": [10, 11, 10, 10, 10], "median": 10.0, "st": [1583458104883064, 1583458104893919, 1583458104903998, 1583458104914184, 1583458104924270], "std_dev": 0.39999999999999997, "perc_90": 10.600000000000001, "mean": 10.2}, "_arg_Placeholder_0_0": {"durList": [22, 19, 22, 22, 21], "median": 22.0, "st": [1583458104882576, 1583458104893371, 1583458104903497, 1583458104913686, 1583458104923808], "std_dev": 1.1661903789690602, "perc_90": 22.0, "mean": 21.2}}