{"MatMul": {"durList": [32, 32, 58, 55, 57], "median": 55.0, "dev": "gpu0", "st": [1583458122926945, 1583458122937907, 1583458122948107, 1583458122958424, 1583458122968888], "std_dev": 12.12270596855339, "perc_90": 57.599999999999994, "mean": 46.8}}