{"_retval_MatMul_0_0": {"durList": [14, 12, 21, 11, 12], "median": 12.0, "st": [1583458122927169, 1583458122938133, 1583458122948421, 1583458122958752, 1583458122969164], "std_dev": 3.63318042491699, "perc_90": 18.2, "mean": 14.0}, "_arg_Placeholder_0_0": {"durList": [13, 17, 20, 18, 17], "median": 17.0, "st": [1583458122926651, 1583458122937508, 1583458122947753, 1583458122958079, 1583458122968410], "std_dev": 2.280350850198276, "perc_90": 19.2, "mean": 17.0}}