{"MatMul": {"durList": [68, 68, 157, 147, 161], "median": 147.0, "dev": "gpu0", "st": [1583458122926904, 1583458122937867, 1583458122948024, 1583458122958361, 1583458122968811], "std_dev": 42.86443747443794, "perc_90": 159.39999999999998, "mean": 120.2}}