{"_retval_MatMul_0_0": {"durList": [12, 9, 22, 22, 22], "median": 22.0, "st": [1583458163768724, 1583458163783793, 1583458163798975, 1583458163812775, 1583458163826734], "std_dev": 5.71314274283428, "perc_90": 22.0, "mean": 17.4}, "_arg_Placeholder_0_0": {"durList": [10, 9, 10, 16, 29], "median": 10.0, "st": [1583458163765393, 1583458163780366, 1583458163795445, 1583458163809202, 1583458163823303], "std_dev": 7.520638270785266, "perc_90": 23.8, "mean": 14.8}}