{"_retval_MatMul_0_0": {"durList": [7, 18, 6, 6, 6], "median": 6.0, "st": [1583454675838452, 1583454675849235, 1583454675859413, 1583454675869700, 1583454675879702], "std_dev": 4.715930449020639, "perc_90": 13.6, "mean": 8.6}, "_arg_Placeholder_0_0": {"durList": [5, 6, 6, 7, 6], "median": 6.0, "st": [1583454675837739, 1583454675848764, 1583454675858850, 1583454675869008, 1583454675879271], "std_dev": 0.6324555320336759, "perc_90": 6.6000000000000005, "mean": 6.0}}