{"_retval_MatMul_0_0": {"durList": [14, 13, 11, 11, 12], "median": 12.0, "st": [1583454771059693, 1583454771070736, 1583454771081275, 1583454771091724, 1583454771102242], "std_dev": 1.1661903789690602, "perc_90": 13.600000000000001, "mean": 12.2}, "_arg_Placeholder_0_0": {"durList": [22, 21, 17, 14, 13], "median": 17.0, "st": [1583454771058899, 1583454771069890, 1583454771080357, 1583454771090883, 1583454771101329], "std_dev": 3.6110940170535577, "perc_90": 21.6, "mean": 17.4}}