{"_retval_MatMul_0_0": {"durList": [11, 19, 20, 25, 15], "median": 19.0, "st": [1583458150097578, 1583458150109779, 1583458150121520, 1583458150133297, 1583458150145132], "std_dev": 4.732863826479693, "perc_90": 23.0, "mean": 18.0}, "_arg_Placeholder_0_0": {"durList": [17, 18, 18, 15, 17], "median": 17.0, "st": [1583458150096315, 1583458150108495, 1583458150120178, 1583458150131979, 1583458150143760], "std_dev": 1.0954451150103321, "perc_90": 18.0, "mean": 17.0}}