{"_retval_MatMul_0_0": {"durList": [15, 26, 25, 29, 29], "median": 26.0, "st": [1583458210742907, 1583458211095667, 1583458211448557, 1583458211801134, 1583458212152856], "std_dev": 5.1536394906900505, "perc_90": 29.0, "mean": 24.8}, "_arg_Placeholder_0_0": {"durList": [18, 9, 17, 17, 17], "median": 17.0, "st": [1583458210407901, 1583458210761476, 1583458211113672, 1583458211466133, 1583458211818477], "std_dev": 3.3226495451672298, "perc_90": 17.6, "mean": 15.6}}