{"MatMul": {"durList": [61, 48, 44, 39, 41], "median": 44.0, "dev": "gpu0", "st": [1583458073577744, 1583458073595510, 1583458073605356, 1583458073615548, 1583458073625745], "std_dev": 7.812809993849845, "perc_90": 55.800000000000004, "mean": 46.6}}