{"_retval_MatMul_0_0": {"durList": [9, 11, 11, 11, 10], "median": 11.0, "st": [1583458073578085, 1583458073595730, 1583458073605556, 1583458073615736, 1583458073625933], "std_dev": 0.7999999999999999, "perc_90": 11.0, "mean": 10.4}, "_arg_Placeholder_0_0": {"durList": [16, 16, 16, 17, 15], "median": 16.0, "st": [1583458073577380, 1583458073595178, 1583458073605001, 1583458073615213, 1583458073625383], "std_dev": 0.6324555320336759, "perc_90": 16.6, "mean": 16.0}}