{"MatMul": {"durList": [50, 48, 59, 23, 22], "median": 48.0, "dev": "gpu0", "st": [1583458055735669, 1583458055746078, 1583458055756173, 1583458055766398, 1583458055776536], "std_dev": 15.081114017207085, "perc_90": 55.400000000000006, "mean": 40.4}}