{"_retval_MatMul_0_0": {"durList": [7, 4, 23, 12, 14], "median": 12.0, "st": [1583458055735865, 1583458055746267, 1583458055756404, 1583458055766514, 1583458055776651], "std_dev": 6.54217089351845, "perc_90": 19.400000000000002, "mean": 12.0}, "_arg_Placeholder_0_0": {"durList": [6, 6, 6, 17, 17], "median": 6.0, "st": [1583458055735348, 1583458055745770, 1583458055755859, 1583458055766134, 1583458055776265], "std_dev": 5.388877434122992, "perc_90": 17.0, "mean": 10.4}}