{"_retval_MatMul_0_0": {"durList": [25, 23, 24, 23, 23], "median": 23.0, "st": [1583454793926144, 1583454793937642, 1583454793952559, 1583454793967593, 1583454793982687], "std_dev": 0.7999999999999999, "perc_90": 24.6, "mean": 23.6}, "_arg_Placeholder_0_0": {"durList": [17, 17, 15, 17, 17], "median": 17.0, "st": [1583454793922598, 1583454793934270, 1583454793949117, 1583454793964235, 1583454793979098], "std_dev": 0.7999999999999999, "perc_90": 17.0, "mean": 16.6}}