{"MatMul": {"durList": [819, 804, 810, 799, 808], "median": 808.0, "dev": "gpu0", "st": [1583458159280220, 1583458159293850, 1583458159303830, 1583458159317293, 1583458159330534], "std_dev": 6.663332499583072, "perc_90": 815.4000000000001, "mean": 808.0}}