{"_retval_MatMul_0_0": {"durList": [13, 10, 21, 6, 22], "median": 13.0, "st": [1583458159281749, 1583458159295357, 1583458159305391, 1583458159318801, 1583458159332089], "std_dev": 6.216108107168021, "perc_90": 21.6, "mean": 14.4}, "_arg_Placeholder_0_0": {"durList": [8, 7, 6, 7, 7], "median": 7.0, "st": [1583458159279308, 1583458159292843, 1583458159302972, 1583458159316423, 1583458159329521], "std_dev": 0.6324555320336759, "perc_90": 7.6, "mean": 7.0}}