{"_retval_MatMul_0_0": {"durList": [11, 9, 9, 24, 18], "median": 11.0, "st": [1583454671444817, 1583454671454655, 1583454671464601, 1583454671474704, 1583454671491667], "std_dev": 5.912698199637793, "perc_90": 21.6, "mean": 14.2}, "_arg_Placeholder_0_0": {"durList": [17, 17, 17, 17, 24], "median": 17.0, "st": [1583454671444293, 1583454671454241, 1583454671464173, 1583454671474259, 1583454671491054], "std_dev": 2.8000000000000003, "perc_90": 21.200000000000003, "mean": 18.4}}