{"_retval_MatMul_0_0": {"durList": [19, 17, 20, 18, 16], "median": 18.0, "st": [1583450347568293, 1583450347579338, 1583450347589648, 1583450347599808, 1583450347610151], "std_dev": 1.4142135623730951, "perc_90": 19.6, "mean": 18.0}, "_arg_Placeholder_0_0": {"durList": [18, 16, 16, 16, 23], "median": 16.0, "st": [1583450347567639, 1583450347578673, 1583450347589022, 1583450347599315, 1583450347609505], "std_dev": 2.7129319932501073, "perc_90": 21.0, "mean": 17.8}}